doc,kind,title,line_start,line_end,scripts,hash,last_changed
introduction,front,(front matter),1,139,v1_e8_glue.py;v3_em_alpha.py,f6539c898ae3,2026-06-24
introduction,section,What this is about: the jump in construction principle,140,142,,04fdafccd10b,2026-06-12
introduction,subsection,In plain words,143,180,v353_selfloop_capstone.py,5df81b3808e2,2026-07-22
introduction,subsection,"Sharper still: one anchor $a=(1,1,2)$, and $E_8$ as a compiler hull \texorpdfstring{(\mE)}{}",181,321,v119_review_validation_2.py;v189_riemann_roch_carrier.py;v197_rr_carrier_clifford_d5.py;v23_anchor_generator.py;v491_p2_partition_corollary.py;v499_p2_weights_deligne_bg.py;v503_qgeo_emergence_light.py;v506_seam_clock_rigidity.py;v507_seam_bit_origin.py;v510_seam_bit_freedom.py;v512_seam_tau_flag.py;v972_seam_interaction_front.py,f129f76d8eb0,2026-08-27
introduction,subsection,The companion documents,322,354,,f5ae4dcb0423,2026-08-30
introduction,section,The architecture at a glance,355,433,,c457aefc1cb7,2026-06-12
introduction,section,The dependency DAG and the proof ledger,434,492,,fe77a4e2e658,2026-06-12
introduction,subsection,The compact status formula: three honest layers,493,527,v14_carrier_uniqueness.py;v56_unique_attractor.py;v60_lambda_metrology_branch.py;v6_bootstrap.py,6314a2168351,2026-08-30
introduction,subsection,The hard reduction: the live residual as typed interfaces,528,825,v1000_spin2_sk_witnesses.py;v1001_nu_pentagon_chain.py;v1004_milnor_frobenius_gray.py;v1005_relative_pencil_bridges.py;v1006_mmst_lemma_battery.py;v1007_det16_stability_battery.py;v1008_master_assembly_scaffold.py;v1009_rho0_minimizer.py;v1010_simplicity_bridge_census.py;v1011_3p1d_ladder_battery.py;v1012_toe_gate_witnesses.py;v1013_thermodynamic_dynamics.py;v1014_bridge_refinements.py;v1015_axiom_core_closure.py;v1016_state_gap_batteries.py;v1017_kernel_loewner_positivity.py;v1018_e8_directed_readout.py;v1019_coxeter_euler_completion.py;v1026_telb_round4_closure.py;v1027_signed_det_car_wall.py;v1028_gauss_d4_cap.py;v1029_local_tensor_constraints.py;v1030_alg2_sector_frame.py;v1031_quantum_tensor_curvature.py;v1032_covariant_curvature.py;v1033_charged_disorder.py;v1034_parent_mirror.py;v1035_matter_coupling.py;v14_carrier_uniqueness.py;v219_icosahedral_mckay.py;v232_e8_kleinian_seam.py;v234_seam_holomorphy_selection.py;v235_seam_chern_simons.py;v23_anchor_generator.py;v335_seam_equiv_unify.py;v36_spectral_action_g2.py;v6_bootstrap.py;v993_minimal_defect_selector.py;v994_mmst_criteria_battery.py;v995_kms_subnet_rigidity.py;v996_gauge_grammar_kill.py;v997_spin2_smg_witnesses.py;v998_seam_modular_closure.py;v999_weak_collision_hp.py,6d80c35acaa5,2026-09-05
introduction,section,The compiler: why $30=2\cdot3\cdot5$,826,896,v219_icosahedral_mckay.py;v223_coxeter_totative_clock.py;v298_e8_network_attractor.py;v299_hypergraph_0d_autonomous.py;v312_hypergraph_substrate.py;v324_hypergraph_fiber.py;v327_hypergraph_rewrite.py;v395_hypergraph_coupled.py;v396_phi0_icosahedral.py,d7ace62c85ab,2026-06-24
introduction,section,The $\mu_4$ glue: how $E_8$ is really built,897,921,v1_e8_glue.py,e76c4fe33c1d,2026-06-12
introduction,section,How derivation now works: the derivation map,922,960,,14e40212ef8c,2026-06-12
introduction,subsection,Cosmology is the Pascal action grammar of the carrier,961,997,v18_quark_yukawa.py;v20_lepton_c_derivation.py;v46_grand_mass_volume.py,3f28610d2349,2026-06-24
introduction,section,"Physical, geometric, topological: why the architecture is plausible",998,1012,,5a4228cd0587,2026-06-12
introduction,section,What role $E_8$ now plays exactly,1013,1038,,07ec9c971cd7,2026-06-12
introduction,section,What this means for the theory-of-everything question,1039,1104,,d773e60ceab0,2026-08-30
introduction,subsection,"The closure ledger: what is done, and what genuinely remains",1105,1199,,e1b7ccda5c02,2026-08-30
introduction,section,TFPT in the light of algorithmic physics: Zuse--Schmidhuber--Wolfram,1200,1216,,ba6ca0b2afb6,2026-07-14
introduction,subsection,Three shared instincts,1217,1236,,9ea479076763,2026-07-14
introduction,subsection,Three deliberate divergences,1237,1276,v747_automaton_multiway_tower.py;v748_automaton_sigma_orbifold_confluence.py,4a0da3ba31ce,2026-08-04
introduction,section,Does this make the theory more probable?,1277,1294,,540397fd6436,2026-06-12
introduction,section,Predictions for running and upcoming experiments,1295,1365,v100_numerology_null_mc.py;v84_frozen_registry.py,aebe6e44a5a3,2026-06-12
introduction,section,Conclusion,1366,1377,,85f94f17b1dd,2026-06-12
introduction,section,Appendix: computational verification (reproducibility),1378,1421,v1_e8_glue.py,4dd8212d1341,2026-07-14
tfpt_1_architecture_e8,front,(front matter),1,146,,31add055d84c,2026-06-12
tfpt_1_architecture_e8,section,How to read this document,147,1673,v106_review_validation.py;v109_sheet_pairing.py;v110_calderon_sheet.py;v111_quadratic_transport.py;v112_selfcounting_channel.py;v113_quasifree_kernel.py;v216_marks_gauss_bonnet.py;v23_anchor_generator.py;v491_p2_partition_corollary.py;v499_p2_weights_deligne_bg.py;v506_seam_clock_rigidity.py;v507_seam_bit_origin.py;v510_seam_bit_freedom.py;v512_seam_tau_flag.py;v534_seam_straddle_cone.py;v566_parabolic_anchor_selfcode.py;v567_carrier_free_q_reconstruction.py;v568_bit_selector_ladder.py;v572_rp_bit_form.py;v574_stageb_winding.py;v584_ext_source_response.py;v590_involution_existence.py;v597_mu4_cover_model.py;v598_cover_dictionary.py;v599_real_structure.py;v600_joint_embedding.py;v601_equivariant_dual.py;v689_gaussian_code_bridge.py;v690_quartic_half.py;v714_moonshot_hecke_groupoid.py;v716_moonshot_arch_glue.py;v719_moonshot_traceformula.py;v736_orbit_packet.py;v737_seam48_intertwiner.py;v752_projective_hamming_incidence.py;v774_arf_spinor_compiler.py;v775_gaussian_class_d5_purity.py;v776_boundary_hamming_uniqueness.py;v781_one_object_clock_census.py;v782_e8_transition_bus.py;v783_two_qubit_clifford.py;v784_curve_code_2torsion.py;v796_duad_syntheme_bridge.py;v798_seam_clifford_modular_s.py;v799_seam_code_typeii.py;v800_e8_torsor_fourier.py;v803_e8_jetcode_affine_nsr.py;v807_lorentz_nullselector.py;v808_petersen_sixthroot.py;v809_curve_code_doily.py;v810_cutcode_moment.py;v813_p1_index_kms.py;v814_k5_sixstep_transport.py;v819_prime_packet_rm14.py;v820_prime_kraus_rm24.py;v821_prime_vacuum35.py;v832_anchor_flavor_checksum.py;v833_gaussian_ramification_ladder.py;v844_message_doily_rank.py;v845_cfin_normal_form.py;v849_cfin_unique_cofinal_lean.py;v852_arf_vacuum_ovoid.py;v853_bent_css_mangoldt.py;v857_simplex_fourier_winding.py;v858_g31_clock_alphabet.py;v861_krein_normalform_lean.py;v862_defect_polar_weld.py;v863_redheffer_colligation.py;v868_divisor210_audits.py;v874_feedback_decoder_lean.py;v875_shell_global_lean.py;v880_finite_anchor_theorems.py;v888_finite_pfaffian_signature.py;v896_wick_block_functor.py;v898_kms_schur_mixing.py;v903_seam_rp_exclusion.py;v908_seam_equilibrium_wiring.py;v911_wiring_freedom.py,03146948e8b7,2026-08-12
tfpt_1_architecture_e8,section,Headline: the Pascal compiler on five carrier slots,1674,1731,,32b8525a612e,2026-06-12
tfpt_1_architecture_e8,subsection,$\gcar=5$ as the Pascal closure,1732,1780,v14_carrier_uniqueness.py;v2_carrier_pascal.py;v44_carrier_exterior.py;v45_family_exterior.py;v46_grand_mass_volume.py,fc6f945c2144,2026-06-12
tfpt_1_architecture_e8,subsection,"One master moment generates $40$, $41$, $240$, $\dtwo$",1781,1796,v810_cutcode_moment.py,fc82c8b159de,2026-08-06
tfpt_1_architecture_e8,subsection,Compact $E_8$ compression and the role of $\nu^c$,1797,1808,,40fd97454046,2026-06-12
tfpt_1_architecture_e8,section,"The $D_5\times A_3$ compiler: $E_8$ as a closure, not an input",1809,1910,v469_seam_crossedproduct_route.py;v489_seam_modular_commutator.py;v722_phys_ramified_ns_r.py;v726_phys_car_pp_index.py;v779_gnet_gns_arf.py;v802_gnet_martingale.py,62776c05ef8b,2026-08-06
tfpt_1_architecture_e8,subsection,Carrier $=D_5=\mathfrak{so}_{10}$ (proved),1911,1927,v810_cutcode_moment.py,48d82e70dedc,2026-08-06
tfpt_1_architecture_e8,subsection,"Family $=A_3=\mathfrak{su}_4$ from $\mathbb P^1\setminus\mu_4$ (proved, with the metric settled)",1928,1961,v219_icosahedral_mckay.py;v223_coxeter_totative_clock.py,e4de3541bbe3,2026-06-17
tfpt_1_architecture_e8,subsection,The $\mu_4$ glue and the $5/4+3/4=2$ discriminant theorem (proved),1962,3405,v1_e8_glue.py;v535_hecke_from_geometry.py;v536_eichler_trace_layer.py;v537_halfintegral_bridge.py;v538_relative_trace_identity.py;v539_weil_structure_family.py;v540_amplitude_linear_carrier.py;v541_matching_lemma_ledger.py;v542_margin_chain_identities.py;v543_lumped_pair_identities.py;v544_long_lag_support.py;v545_hardy_core_identities.py;v546_capacity_chain_identities.py;v547_level_lemma_identities.py;v548_green_szego_identities.py;v549_gauge_parity_identities.py;v550_odd_sector_identities.py;v551_ritz_ceiling_certificate.py;v552_angle_instruments.py;v553_exact_form_identities.py;v554_sampling_harmonics_identities.py;v555_pareto_tv_identities.py;v556_gauge_ppr_identities.py;v557_cascade_vector_identities.py;v558_bilinear_rank_identities.py;v559_phase2_capstone.py;v560_frame_deficit_identities.py;v562_dense_limit_identities.py;v563_paper2_readouts.py,d0ac71083748,2026-07-30
tfpt_1_architecture_e8,subsection,"Glue-norm arithmetic, and three readings of $41$, $60$, $120$",3406,3560,v115_anchor_residue.py;v116_resonance_uniqueness.py;v117_monodromy_weyl_a3.py;v137_qplus_cohomology.py;v141_deck_selection.py;v142_frame_integrality.py;v145_pairing_atoms.py;v146_moebius_d4.py;v222_cm_norm_duality.py;v74_compiler_micro_lemmas.py;v91_spine_tetrahedron.py,0c702b08140b,2026-06-17
tfpt_1_architecture_e8,subsection,What the compiler outputs for the Standard Model and our reality,3561,3605,,3d7ad0857bd5,2026-06-24
tfpt_1_architecture_e8,section,Grammar I --- the carrier grammar ($3+2$),3606,3621,v2_carrier_pascal.py,12cbe2093168,2026-06-12
tfpt_1_architecture_e8,subsection,Dual-root dictionary (everything from two charges),3622,3666,,17f83a851b31,2026-06-12
tfpt_1_architecture_e8,subsection,Carrier arithmetic (proved identities),3667,3691,,96840e312e66,2026-06-12
tfpt_1_architecture_e8,section,Grammar II --- the seed grammar (one decoder $\useed$),3692,3727,v106_review_validation.py,d2f237d4c817,2026-06-12
tfpt_1_architecture_e8,section,Grammar III --- the action grammar (exponentials of $\ainv$),3728,3788,,887c984b5b2c,2026-06-12
tfpt_1_architecture_e8,subsection,The EM closure: $\ainv$ as an explicit fixed point (made explicit here),3789,4044,v341_alpha_quillen.py;v342_em_ward_heatkernel.py;v382_alpha_quillen_exact.py;v391_alpha_quillen_progress.py;v3_em_alpha.py;v433_alpha_quillen_heatkernel.py;v434_alpha_quillen_betafunction.py;v435_alpha_quillen_chernlevel.py;v470_alpha_inflow_level.py;v472_quillen_detline_moduli.py;v484_seam_contact_unit.py;v485_contact_diagonal_closed.py;v48_em_ward.py;v974_alpha_faces_computed.py;v985_quillen_channel_swap.py,c95fa17c91bc,2026-08-28
tfpt_1_architecture_e8,subsection,"The decuple bridge (new, exact headline)",4045,4069,,604a14549a07,2026-06-12
tfpt_1_architecture_e8,subsection,"The full power tower: $x^{1},x^{5},x^{10}$ on the carrier graph $K_5$",4070,4089,,e60b31acc53b,2026-06-12
tfpt_1_architecture_e8,subsection,"Hubble is the square root of $\Lambda$ (corollary, exact)",4090,4102,,f71ac88c931d,2026-06-12
tfpt_1_architecture_e8,subsection,The $\sim123$ orders of the cosmological constant,4103,4127,v7_gravity_cosmo.py,33204ef66256,2026-06-12
tfpt_1_architecture_e8,subsection,The ladder is binomial; $2\gcar=\binom{\gcar}{2}$ singles out $\gcar=5$,4128,4148,v2_carrier_pascal.py,1230086f59a8,2026-06-12
tfpt_1_architecture_e8,subsection,Discriminant action theorem: the ladder reads the hypercharge discriminant,4149,4164,,5ee0de80e6f6,2026-06-12
tfpt_1_architecture_e8,subsection,A two-dimensional action lattice,4165,4192,,6c44fba9e667,2026-06-12
tfpt_1_architecture_e8,section,The Einstein normaliser as a corrected tree value,4193,4210,v1_e8_glue.py,a347920cff11,2026-06-12
tfpt_1_architecture_e8,section,"$\Lambda$-anchored metrology closure, and two anchors",4211,4282,v60_lambda_metrology_branch.py,ff0658321bbb,2026-06-12
tfpt_1_architecture_e8,section,The landscape: $\gcar=5$ is overdetermined,4283,4308,v14_carrier_uniqueness.py;v6_bootstrap.py,106d81a23624,2026-06-12
tfpt_1_architecture_e8,section,The $E_8$ carrier atlas --- stated unambiguously,4309,4317,v5_e8_cascade.py,121df94bcf3e,2026-06-12
tfpt_1_architecture_e8,subsection,Level 1 --- original $E_8$ data of the series (\mE),4318,4334,,e3304fd383c7,2026-06-12
tfpt_1_architecture_e8,subsection,Level 2 --- new exact counting identities (\mE),4335,4343,,143799fadb70,2026-06-12
tfpt_1_architecture_e8,subsection,Level 2.5 --- the even-flip transition atlas (a falsifiable program),4344,4404,v531_coxeter_tensor_stage_a.py;v532_e8_degree_modular_checksum.py,883f906865dd,2026-07-23
tfpt_1_architecture_e8,subsection,Level 2.7 --- the carrier Coxeter theorem (the strongest new bridge),4405,4425,,4ccc4166d68a,2026-06-12
tfpt_1_architecture_e8,subsection,Level 2.8 --- positive-root moment: $|R^+(E_8)|=\operatorname{Tr}_{S^+}X^2=5!$,4426,4441,,2fcb29770020,2026-06-12
tfpt_1_architecture_e8,subsection,Level 2.9 --- the $2{\cdot}3{\cdot}5$ Coxeter cyclotomic compiler (meta-theorem),4442,4467,,c6ed7db7818d,2026-06-12
tfpt_1_architecture_e8,subsection,Level 3 --- conjectural geometric readings (\mC),4468,4494,,2c4cf5c57ce7,2026-06-12
tfpt_1_architecture_e8,section,"$\mathbb Z_6$ monodromy, flavor and CP readouts",4495,4512,v88_cp_phase_audit.py,1b4c087134e9,2026-06-12
tfpt_1_architecture_e8,subsection,CP as triple seed variance; a closed observable quadrilateral,4513,4548,,b2d481b93ab9,2026-06-12
tfpt_1_architecture_e8,section,Mass hierarchy as a hexagon with one extra turn,4549,4574,v18_quark_yukawa.py;v20_lepton_c_derivation.py,b9a59832c5a3,2026-06-12
tfpt_1_architecture_e8,subsection,Lepton flavor decuple: the charged-lepton determinant carries $u^{10}$,4575,4597,,35942d3e5b57,2026-06-12
tfpt_1_architecture_e8,subsection,Why the top Yukawa is $\approx1$: the $L=0$ anchor (Froggatt--Nielsen ladder),4598,4621,,7b4cae5a4c8e,2026-06-12
tfpt_1_architecture_e8,section,Inflation interface,4622,4664,v494_cosmo_running_mu_record.py;v7_gravity_cosmo.py;v86_nstar_reheating.py,6348f8a40195,2026-07-21
tfpt_1_architecture_e8,section,Further simple bridges,4665,4682,v74_compiler_micro_lemmas.py,22081a062641,2026-06-12
tfpt_1_architecture_e8,section,Closures that the architecture rests on,4683,4727,v36_spectral_action_g2.py;v4_flavor_matrix.py,ed1a7f05f64d,2026-06-24
tfpt_1_architecture_e8,section,Status summary and open audit points,4728,4819,v22_open_gates_audit.py,9530e557067f,2026-07-23
tfpt_1_architecture_e8,section,Consolidated picture,4820,4913,,6e4cbcf8123d,2026-07-23
tfpt_1_architecture_e8,section,Theorem 1 --- the even carrier code,4914,4947,v79_review_identities.py,3d0eebca4c2c,2026-06-12
tfpt_1_architecture_e8,section,Theorem 2 --- Exterior--Action Duality,4948,5006,v79_review_identities.py,c1712ff04295,2026-06-12
tfpt_1_architecture_e8,section,Theorem 3 --- the Coxeter closure equation selects $\gcar=5$,5007,5019,,166eb67bba5d,2026-06-12
tfpt_1_architecture_e8,section,Theorem 4 --- the $\mathbb Z_{30}$ cyclotomic Coxeter compiler,5020,5038,,d331d7e14c1e,2026-06-12
tfpt_1_architecture_e8,section,Theorem 5 --- the root transition atlas and the positive-edge moment,5039,5064,,8b162142ffe4,2026-06-12
tfpt_1_architecture_e8,section,"Theorem 6 --- downstream readouts from $(h,r,\cthree)$",5065,5140,v36_spectral_action_g2.py,63f10f097b2e,2026-06-12
tfpt_1_architecture_e8,section,Theorem 7 --- the $D_5\times A_3$ lift of the $E_8$ atlas,5141,5388,v41_leg_assignment.py;v47_selection_theorem.py;v491_p2_partition_corollary.py;v499_p2_weights_deligne_bg.py;v506_seam_clock_rigidity.py;v507_seam_bit_origin.py;v510_seam_bit_freedom.py;v512_seam_tau_flag.py;v51_boundary_half_step.py;v53_compiler_core.py,2ad5339f74e0,2026-07-24
tfpt_1_architecture_e8,section,"Theorem 8 --- the $(1,1,2)$ anchor microcode and the $\varphi_0$-ladder",5389,5445,v407_dn_pairings_omega.py;v832_anchor_flavor_checksum.py,80bf756c463d,2026-08-07
tfpt_1_architecture_e8,section,Master statement and status,5446,5495,,7eb18c18c877,2026-06-12
tfpt_1_architecture_e8,section,Appendix: machine-checkable $E_8=(D_5\oplus A_3)+\mu_4$ construction,5496,5614,,37ba4861318e,2026-06-12
tfpt_1_architecture_e8,section,Appendix: computational verification,5615,5634,v1_e8_glue.py;v2_carrier_pascal.py;v3_em_alpha.py;v4_flavor_matrix.py;v7_gravity_cosmo.py,ede62b4eb321,2026-06-25
tfpt_2_standard_model,front,(front matter),1,130,,9bb410b30126,2026-06-23
tfpt_2_standard_model,section,The principle: one master formula instead of many Yukawa numbers,131,160,v172_trace_anomaly_seed.py,e9c22c490295,2026-06-13
tfpt_2_standard_model,section,The seed $\phiz$ as a decoder,161,185,,9aac6cf99de9,2026-06-12
tfpt_2_standard_model,section,The flavor residue matrix is the compiler signature,186,310,v4_flavor_matrix.py;v812_flavor_graph_filtration.py,1e178ed66f1f,2026-08-06
tfpt_2_standard_model,section,Charged leptons: completely closed in $\phiz$,311,408,v118_hexagon_family_dictionary.py;v20_lepton_c_derivation.py;v21_solar_product_quark.py;v220_cp_hexagonal_modulus.py;v229_lepton_frobenius_algebra.py;v37_plucker_anchor.py;v51_boundary_half_step.py,4a92e6055cb6,2026-06-16
tfpt_2_standard_model,section,Quarks: hierarchy from the same word-lengths,409,572,v174_seam_fock_readings.py;v17_hexagonal_resolvent.py;v24_quark_ratio_closure.py;v26_flavor_frontier_unification.py;v37_plucker_anchor.py;v42_exterior_leg.py;v49_readout_rigidity.py;v71_simple_r_bridge.py;v94_sheet_diamond.py,7c03e77531da,2026-06-13
tfpt_2_standard_model,section,The Sheet Diamond and the Winding Line: masses and transport from one surface,573,1626,v101_horizon_anchor.py;v10_projection_involution.py;v11_unique_KQ.py;v128_graded_hull.py;v12_mass_generation_polynomials.py;v134_dual_anchor.py;v135_det_surface.py;v137_qplus_cohomology.py;v140_canonical_map.py;v141_deck_selection.py;v146_moebius_d4.py;v218_diamond_axis_geometry.py;v222_cm_norm_duality.py;v224_diamond_ftransfer_path.py;v230_center_budget_norms.py;v37_plucker_anchor.py;v410_sheet_generator_binary.py;v411_ud_ratio_vpower.py;v412_sheet_source_corner_J.py;v413_sheet_characteristic_calculus.py;v414_center_resolvent_portal.py;v415_gaussian_operator.py;v417_eisenstein_cp_operator.py;v46_grand_mass_volume.py;v50_q_geometry.py;v52_pencil_endpoints.py;v530_center_quotient_compiler.py;v533_ftransfer_disc7_norm.py;v54_seam_horizon_keystones.py;v566_parabolic_anchor_selfcode.py;v567_carrier_free_q_reconstruction.py;v568_bit_selector_ladder.py;v56_unique_attractor.py;v572_rp_bit_form.py;v574_stageb_winding.py;v584_ext_source_response.py;v590_involution_existence.py;v597_mu4_cover_model.py;v598_cover_dictionary.py;v599_real_structure.py;v600_joint_embedding.py;v601_equivariant_dual.py;v689_gaussian_code_bridge.py;v690_quartic_half.py;v69_d4_q_geometry.py;v70_q_integer_lift.py;v714_moonshot_hecke_groupoid.py;v716_moonshot_arch_glue.py;v719_moonshot_traceformula.py;v72_q_det_from_cusp.py;v736_orbit_packet.py;v74_compiler_micro_lemmas.py;v752_projective_hamming_incidence.py;v774_arf_spinor_compiler.py;v775_gaussian_class_d5_purity.py;v776_boundary_hamming_uniqueness.py;v798_seam_clifford_modular_s.py;v799_seam_code_typeii.py;v80_operator_pencil_geometry.py;v819_prime_packet_rm14.py;v81_singular_pencil_matrices.py;v820_prime_kraus_rm24.py;v82_koide_attractor_splitting.py;v857_simplex_fourier_winding.py;v85_master_cover.py;v874_feedback_decoder_lean.py;v92_glue_uniqueness.py;v94_sheet_diamond.py;v95_centered_diamond.py;v96_branch_kernel_selection.py;v977_transfer_unistochastic_wilson.py;v97_sheet_conjugation_bridge.py;v98_discriminant_dictionary.py,830e006e62ed,2026-08-27
tfpt_2_standard_model,subsection,"Closing the audit gates: is $M{=}41$, $K$, $Q$ derived or imported?",1627,1750,v11_unique_KQ.py;v13_open_gates.py;v159_pyrate_gauge_crosscheck.py;v163_rg_stability_flavor.py;v164_qcd_scale.py;v16_solar_dual_anchor.py;v21_solar_product_quark.py;v74_compiler_micro_lemmas.py;v79_review_identities.py,784125cbc405,2026-07-02
tfpt_2_standard_model,section,Mixing: CKM and PMNS from holonomy,1751,1790,,250e0e9b01e6,2026-06-15
tfpt_2_standard_model,subsection,Downstream flavor readout: the rare kaons $K\to\pi\nu\bar\nu$,1791,1828,v202_rare_kaon.py,39a675abdb19,2026-06-22
tfpt_2_standard_model,section,Neutrinos,1829,2090,v1001_nu_pentagon_chain.py;v1003_nu_structural_nulls.py;v1024_parent_internal_boundaries.py;v263_mnu_from_df.py;v268_theta13_carrier_trace.py;v270_pmns_jarlskog_assembly.py;v272_nu_mass_scale.py;v328_theta13_pressure.py;v338_theta13_budget.py;v406_pmns_phase_origin.py;v467_thirdgen_mixing_pattern.py;v468_dm2_ratio_jarlskog.py;v481_seesaw_carrier_ladder.py;v482_seesaw_rung_decision.py;v488_majorana_clebsch_door.py;v725_phys_vgeo_torsor_audit.py;v986_nu_scalaron_rung.py,d7e61178e21b,2026-09-05
tfpt_2_standard_model,section,How the legacy layers simplify (bridge map),2091,2117,,f76d4592f628,2026-06-23
tfpt_2_standard_model,section,Is the entire Standard Model thereby derived?,2118,2168,,a95844bb2e03,2026-06-12
tfpt_2_standard_model,section,Closure status of the five former open questions,2169,2175,,d81c4f2bc8c5,2026-06-12
tfpt_2_standard_model,subsection,(1) Flavor residual --- ratios closed combinatorially; only the absolute scale is the wall-selection $(U_{\mathrm{wall}})$ \mE/\mO,2176,2205,v27_wall_representative.py;v30_d4_character_variety.py;v31_R_dictionary.py;v33_explicit_flat_bundle.py;v34_h2_bridge_attempt.py,ab9fd38ab334,2026-06-12
tfpt_2_standard_model,subsection,(2) Gravity --- the classical covariant field equation carries no free dimensionless Newton coupling under the named QFT/entanglement premises \mC; the $R^2$ inflation layer up to one truncation \mE/\mC,2206,2255,v36_spectral_action_g2.py,c0ae74a5468c,2026-08-28
tfpt_2_standard_model,subsection,(3) Strong CP --- decoupled from the mass-gap problem \mE/\mC,2256,2296,v173_pfaffian_cp_car.py,9e8863919ffb,2026-06-13
tfpt_2_standard_model,subsection,(4) Constructive QFT closure of the admissible physical sector \mE/\mC,2297,2384,v252_full_finite_triple.py;v258_dirac_covariance_induction.py;v259_modular_cutoff_kappa.py;v260_k3_kummer_unification.py;v261_modular_spectral_closure.py;v381_qft4d_eg_allorder.py,ee8587b4c553,2026-08-27
tfpt_2_standard_model,subsection,"(5) Axioms P1/P2 --- P2 machine-verified, P1 as an interface \mE/\mO",2385,2448,,c0a53aa411be,2026-06-23
tfpt_2_standard_model,section,How the original-paper predictions simplify,2449,2483,,b49be45910b9,2026-06-12
tfpt_2_standard_model,section,Conclusion,2484,2554,,4039fecc9969,2026-08-30
tfpt_2_standard_model,section,The setup: parabolic data on the family curve,2555,2603,,da2a8b23c886,2026-06-13
tfpt_2_standard_model,section,Exact scaffolding (proved),2604,2640,,4a2c6f9f0067,2026-06-12
tfpt_2_standard_model,section,The Riemann--Hilbert side (what the monodromy fixes),2641,2668,,c8f08856fa97,2026-06-13
tfpt_2_standard_model,section,The parabolic-weight computation (resolved this round),2669,2726,v4_flavor_matrix.py;v9_neutrino_texture.py,6a586ab59d15,2026-06-12
tfpt_2_standard_model,section,Global computation: the anchor multiset is derived,2727,2826,v499_p2_weights_deligne_bg.py;v503_qgeo_emergence_light.py;v506_seam_clock_rigidity.py;v507_seam_bit_origin.py;v510_seam_bit_freedom.py;v534_seam_straddle_cone.py,4a6a7f89d393,2026-07-24
tfpt_2_standard_model,subsection,"Part (ii): the $\mathbb Z_6$ structure of the residues, and the frontier",2827,2870,,460dabfecef9,2026-06-12
tfpt_2_standard_model,subsection,The flavor transport theorem,2871,2932,,7c6bb9501156,2026-06-13
tfpt_2_standard_model,section,The Parabolic Anchor Compiler,2933,2945,,94764ed306ed,2026-06-12
tfpt_2_standard_model,subsection,Budget master table: everything is $d_p=-\deg E=4$ times a Coxeter datum,2946,2959,,b1e4b1c6b38d,2026-06-12
tfpt_2_standard_model,subsection,"Flavor budget split, row sums, scalaron deficit",2960,2982,v7_gravity_cosmo.py,becad1e78641,2026-06-12
tfpt_2_standard_model,subsection,The anchor power compiler,2983,3031,,814d0f23b42b,2026-06-12
tfpt_2_standard_model,subsection,Residue-matrix spectral selector --- sharpening (H2),3032,3129,v832_anchor_flavor_checksum.py,9a4c477132da,2026-08-07
tfpt_2_standard_model,section,Closing the flavor block: two theorems,3130,3248,,6be5f58c9979,2026-06-22
tfpt_2_standard_model,section,Status,3249,3305,,f5ceab40dc08,2026-06-23
tfpt_2_standard_model,section,The explicit mass gap closes dynamics and clustering,3306,3465,v746_phys_gnet_local_functor.py;v779_gnet_gns_arf.py;v783_two_qubit_clifford.py;v798_seam_clifford_modular_s.py;v802_gnet_martingale.py,df8035165453,2026-08-06
tfpt_2_standard_model,section,The seam elliptic complex is Fredholm (APS),3466,3488,,0b980ed498f3,2026-06-13
tfpt_2_standard_model,section,The $R^{n\ge3}$ truncation is $O(1/N_\star^2)$-bounded,3489,3577,v494_cosmo_running_mu_record.py;v86_nstar_reheating.py,5a0416c1f014,2026-07-21
tfpt_2_standard_model,section,"The ambient closure: one spectral-action measure, IR-complete by decoupling",3578,3713,v255_spectral_action_expansion.py;v258_dirac_covariance_induction.py;v259_modular_cutoff_kappa.py;v261_modular_spectral_closure.py;v28_gravity_fR.py,72ad3f8ead32,2026-06-23
tfpt_2_standard_model,subsection,Seam response grammar: gravity is the inverse seed gain,3714,3781,,7cd027f0fd95,2026-06-13
tfpt_2_standard_model,section,The solar angle $\theta_{12}$: derived from the seam,3782,3847,v84_frozen_registry.py;v9_neutrino_texture.py,6169f83a8004,2026-06-24
tfpt_2_standard_model,section,Quark $c$-rationals: best values at current precision,3848,3912,v808_petersen_sixthroot.py;v814_k5_sixstep_transport.py,5e0822627eee,2026-08-06
tfpt_2_standard_model,section,"H2: the moduli computation, set up explicitly",3913,4019,v19_monodromy_moduli.py;v26_flavor_frontier_unification.py;v27_wall_representative.py;v491_p2_partition_corollary.py;v499_p2_weights_deligne_bg.py;v49_readout_rigidity.py;v69_d4_q_geometry.py;v70_q_integer_lift.py,6561ef8ed75b,2026-07-21
tfpt_2_standard_model,section,"Status: what is now written out, and what is honestly left",4020,4071,v19_monodromy_moduli.py;v723_phys_modular_clock.py;v724_phys_t3b_modular_flows.py,851f00cc4cc6,2026-08-03
tfpt_2_standard_model,section,Appendix: computational verification,4072,4089,v2_carrier_pascal.py;v3_em_alpha.py;v4_flavor_matrix.py;v7_gravity_cosmo.py,d8bd87e41596,2026-06-25
tfpt_3_e8_audit_bootstrap,front,(front matter),1,170,,15bc8e128ef8,2026-08-27
tfpt_3_e8_audit_bootstrap,section,The compiler core (where this note sits),171,193,,8e3d9559b8f4,2026-06-12
tfpt_3_e8_audit_bootstrap,section,"The $(1,1,2)$ anchor microcode",194,290,v108_pascal_ladder.py,651bb311833e,2026-06-13
tfpt_3_e8_audit_bootstrap,section,The residue and length matrices as spectral objects,291,402,v100_numerology_null_mc.py;v37_plucker_anchor.py,8bd636bf0ca3,2026-06-12
tfpt_3_e8_audit_bootstrap,section,The secondary branching atlas,403,551,v170_diamond_slice_compression.py;v227_degree_exponent_channel_split.py,c7dc93d821b8,2026-06-27
tfpt_3_e8_audit_bootstrap,section,Group-theoretic audits (optional),552,11869,v410_sheet_generator_binary.py;v535_hecke_from_geometry.py;v536_eichler_trace_layer.py;v537_halfintegral_bridge.py;v538_relative_trace_identity.py;v539_weil_structure_family.py;v540_amplitude_linear_carrier.py;v541_matching_lemma_ledger.py;v542_margin_chain_identities.py;v543_lumped_pair_identities.py;v544_long_lag_support.py;v545_hardy_core_identities.py;v546_capacity_chain_identities.py;v547_level_lemma_identities.py;v548_green_szego_identities.py;v549_gauge_parity_identities.py;v550_odd_sector_identities.py;v551_ritz_ceiling_certificate.py;v552_angle_instruments.py;v553_exact_form_identities.py;v554_sampling_harmonics_identities.py;v555_pareto_tv_identities.py;v556_gauge_ppr_identities.py;v557_cascade_vector_identities.py;v558_bilinear_rank_identities.py;v559_phase2_capstone.py;v560_frame_deficit_identities.py;v562_dense_limit_identities.py;v563_paper2_readouts.py;v569_lambda_pencil_onemode.py;v570_separation_floor.py;v573_pair_band_structure.py;v576_cheb_loewner_edge.py;v577_nullray_census.py;v579_macro_kernel_signs.py;v580_occupation_map.py;v581_locking_transport.py;v582_density_dominance.py;v583_pnt_model.py;v584_ext_source_response.py;v585_pnt_locking_split.py;v586_pnt_lock_direction.py;v587_w_closed_form.py;v588_closed_delta.py;v589_zero_comb.py;v590_involution_existence.py;v591_pole_rank_one.py;v592_continuum_det_law.py;v593_cutoff_completion.py;v594_unconditional_cert.py;v595_mapping_completion.py;v596_lock_projection.py;v597_mu4_cover_model.py;v598_cover_dictionary.py;v599_real_structure.py;v600_joint_embedding.py;v601_equivariant_dual.py;v602_duality_forms.py;v603_seam_marks.py;v604_equivariant_order.py;v605_translator.py;v606_mode_separation.py;v607_selection_rule.py;v608_gamma_free_slice.py;v609_translator_factorization.py;v610_curve_landscape.py;v611_periods.py;v612_polarization_frame.py;v613_canonical_periods.py;v614_transport_deck.py;v615_gamma_toy_interacting.py;v616_su2_internal_kinematic.py;v617_seam_cover_forcing.py;v618_uniform_constant.py;v619_flip_mechanics.py;v620_cyclic_n_census.py;v621_interacting_semigroup.py;v622_seam_identification.py;v623_covered_seam.py;v624_external_lattice_audit.py;v625_prime_shadow.py;v626_e8_code.py;v627_hodge_chamber.py;v628_orbifold_casimir.py;v629_root_incidence.py;v630_suzuki_contact.py;v631_w1_dictionary.py;v632_ftransfer_pgl2.py;v633_orbit60_quotient.py;v634_st31_structure.py;v635_p_canonicity.py;v636_p_construction.py;v637_fine_c1_bridge.py;v638_code_semantics.py;v639_twist_ope.py;v640_w1_boundary.py;v641_w1_portability.py;v642_w1_matrix.py;v643_w1_theorem.py;v644_w2_form_density.py;v645_klein_rp.py;v646_rm13_reverse.py;v647_st31_degree24.py;v648_sign_uncertainty.py;v649_discipline_audit.py;v650_orbifold_modular.py;v651_orbifold_assembly.py;v652_orbifold_arf.py;v653_bond_defect.py;v654_st31_degree8.py;v655_w2_mosco.py;v656_margin_link.py;v657_rid_alignment.py;v658_w3_uniform_bound.py;v659_w3_landscape.py;v660_theta_predicate.py;v661_garding.py;v662_garding_edgeband.py;v663_garding_envelope.py;v664_look_elsewhere.py;v665_keiper_li.py;v666_turing_cert.py;v667_baez_duarte.py;v668_ground_truth.py;v669_fejer_density.py;v670_w3_block_deflation.py;v671_lehmer_resonance.py;v672_li_corollary.py;v673_li_e4.py;v674_packet_garding.py;v675_needle_mechanism.py;v676_c1_mechanism.py;v677_w3_structure_theorem.py;v678_zero_gap_theorem.py;v679_orbifold_continuum_os.py;v680_pinch_attack.py;v681_coverage_hole.py;v682_lk_split_theta.py;v683_rank3_functionals.py;v684_rank3_zeroside.py;v685_rank3_uniformity.py;v686_geometric_sos.py;v687_extremal_kernel.py;v688_interpolation_detector.py;v689_gaussian_code_bridge.py;v690_quartic_half.py;v691_hecke_sos.py;v692_rank3_lockgram.py;v693_rank3_density_close.py;v694_interpolation_lemma_closure.py;v695_z1_trace_operator.py;v696_z1_jacobi.py;v697_z1_uvarov.py;v698_z1_flow_recursion.py;v699_cone_dynamics.py;v700_orbit60_census.py;v701_big_picture_hunt.py;v702_z1_lookahead.py;v703_chain_tolerance_scaling.py;v704_chain_mass_law.py;v705_chain_deck_sector.py;v706_chain_weyl_mass.py;v707_chain_section_edge.py;v708_chain_position_functional.py;v709_chain_zero_layer.py;v710_chain_two_stage_hecke.py;v711_chain_firstbirth_scaling.py;v712_rank3_transverse_deck.py;v713_l1_montage.py;v714_moonshot_hecke_groupoid.py;v715_qgeo_car_continuum.py;v716_moonshot_arch_glue.py;v717_moonshot_state.py;v718_moonshot_spectral.py;v719_moonshot_traceformula.py;v720_moonshot_k2k3.py;v721_k1_node_capture.py;v722_phys_ramified_ns_r.py;v723_phys_modular_clock.py;v724_phys_t3b_modular_flows.py;v725_phys_vgeo_torsor_audit.py;v726_phys_car_pp_index.py;v727_l1_identification.py;v728_k1b_superresolution.py;v729_strat2_rp_universality.py;v730_strat2_pinning_lemma.py;v731_strat2_gap_universality.py;v732_strat3_sonin_prolate.py;v733_strat3_gate0_census.py;v734_s1_canonical.py;v735_strat3_ucp_inductive.py;v736_orbit_packet.py;v737_seam48_intertwiner.py;v738_hecke_mod_ramified.py;v739_rank3_jet.py;v740_kms_extension_switch.py;v741_kms_toeplitz_semigroup.py;v742_channel_interference.py;v743_schur_cone_recursion.py;v744_hecke_channel_columns.py;v745_qgeo_car_l1_sector_lemma.py;v746_phys_gnet_local_functor.py;v747_automaton_multiway_tower.py;v748_automaton_sigma_orbifold_confluence.py;v749_simpler_tower.py;v750_simpler_gluing.py;v751_ward_monotone.py;v752_projective_hamming_incidence.py;v753_ramified_polarity.py;v754_ramodd_twostep.py;v755_simpler_schur_recursion.py;v756_kms_incidence_stinespring.py;v757_fano_disc7_bridge.py;v758_simpler_certificate.py;v759_handoff_fixed_window_resolution.py;v760_antialias_exact.py;v761_atom_pole_abel.py;v762_dense_weil_core.py;v763_yosida_handoff.py;v765_handoff_redteam.py;v766_handoff_bulk.py;v767_handoff_frequency_gram.py;v768_handoff_tail_weil.py;v769_qf_contract_necessity.py;v770_qf_spectral_bundle.py;v771_qf_representation_census.py;v772_qf_feshbach_effective.py;v773_qf_cell_cocycle.py;v774_arf_spinor_compiler.py;v775_gaussian_class_d5_purity.py;v776_boundary_hamming_uniqueness.py;v777_ftransfer_clock_jets.py;v778_qgeo_gridsup_logsum.py;v779_gnet_gns_arf.py;v780_z1_compactness_trilogy.py;v781_one_object_clock_census.py;v782_e8_transition_bus.py;v783_two_qubit_clifford.py;v784_curve_code_2torsion.py;v785_hecke_check32.py;v786_prime_packet480.py;v787_hecke_arrow_broadcast.py;v788_positive_c2_lift.py;v789_multirate_constdepth.py;v790_snf_mu4_theta.py;v791_positive_descent.py;v792_ftransfer_kms_coset.py;v793_f8sector_conductor.py;v794_cp_extension_gate.py;v795_halving_tails_k5.py;v796_duad_syntheme_bridge.py;v797_r_microstate_identification.py;v798_seam_clifford_modular_s.py;v799_seam_code_typeii.py;v800_e8_torsor_fourier.py;v801_prime_cp_intertwiner.py;v802_gnet_martingale.py;v803_e8_jetcode_affine_nsr.py;v804_prime_carrier_gray.py;v805_e8_syndrome_algebra.py;v806_hecke_local_clifford.py;v807_lorentz_nullselector.py;v808_petersen_sixthroot.py;v809_curve_code_doily.py;v810_cutcode_moment.py;v811_prime_kraus_doily.py;v812_flavor_graph_filtration.py;v813_p1_index_kms.py;v814_k5_sixstep_transport.py;v815_kraus_spread_commutant.py;v816_prime_mosco_selection.py;v817_positive_descent_master.py;v818_sector_floor_attack.py;v819_prime_packet_rm14.py;v820_prime_kraus_rm24.py;v821_prime_vacuum35.py;v822_prime_vacuum_dilation.py;v823_prime_lagrange_floor.py;v824_prime_floor_skeleton.py;v825_prime_exclusion_ladder.py;v826_prime_exclusion_battery2.py;v827_prime_zero_locator.py;v828_prime_comb_window.py;v829_prime_floor_depth.py;v830_prime_float_budget.py;v831_prime_alias_second_moment.py;v832_anchor_flavor_checksum.py;v833_gaussian_ramification_ladder.py;v834_pg32_flag_completion.py;v835_corner_hjelmslev_tower.py;v836_commutant_sos_closure.py;v837_corner_closure_quantifier.py;v838_corner_expectation_position.py;v839_paircorr_bridge_saturation.py;v840_gue_ablation_loopgain.py;v841_relation_carrier_ladder.py;v842_excess_certified_skeleton.py;v843_margin_law_excess_lean.py;v844_message_doily_rank.py;v845_cfin_normal_form.py;v846_schur_spectral_mother.py;v847_wedge_cellcone_transport.py;v848_extraction_chain.py;v849_cfin_unique_cofinal_lean.py;v850_completion_tax_flow.py;v851_cluster_kernel_field.py;v852_arf_vacuum_ovoid.py;v853_bent_css_mangoldt.py;v854_relation_hodge_pfaffian.py;v855_invariance_atlas.py;v856_connected_current_lean.py;v857_simplex_fourier_winding.py;v858_g31_clock_alphabet.py;v859_grade_no_go_elevator.py;v860_phase_lever_closure.py;v861_krein_normalform_lean.py;v862_defect_polar_weld.py;v863_redheffer_colligation.py;v864_softport_kappa_law.py;v865_weyl_port_readout.py;v866_source_contractor_formula.py;v867_radau_conditioning.py;v868_divisor210_audits.py;v869_cdcore_clarkphase.py;v870_christoffel_gauss_frame.py;v871_pole_uvarov_crossdefect.py;v872_damping_compensation.py;v873_pruefer_cotlar_decision.py;v874_feedback_decoder_lean.py;v875_shell_global_lean.py;v876_carleson_polygon_wave.py;v877_complete_comb_reversal.py;v878_ledger_integrity.py;v879_envelope_partition_closure.py;v880_finite_anchor_theorems.py;v881_carleson_port_geometry.py;v882_port_source_mellin.py;v883_tau_chain_parametrix.py;v884_certified_head_positivity.py;v885_ladder_flow_anatomy.py;v886_register_gapcode_null.py;v887_certified_ladder_complete.py;v888_finite_pfaffian_signature.py;v889_route_decisions.py;v890_total_positivity_flow.py;v891_moebius_firewall_kills.py;v892_closure_architecture.py;v893_relative_margins.py;v894_diagonal_refinement.py;v895_collective_comb.py;v896_wick_block_functor.py;v897_certified_interval_ladder.py;v898_kms_schur_mixing.py;v899_christoffel_normsquare.py;v900_core_update_anatomy.py;v901_tangent_schur_bfloor.py;v902_wall_relocation_map.py;v903_seam_rp_exclusion.py;v904_healthcode12_diagnostic.py;v905_bfloor_ideal_certificate.py;v906_tail_cartography.py;v907_halfgap_registered_target.py;v908_seam_equilibrium_wiring.py;v909_finite_wall_closure.py;v910_finite_zero_transfer.py;v911_wiring_freedom.py;v912_form_convergence_theorem.py;v913_signed_alignment_localization.py;v914_pascal_region_theorem.py;v915_eulerpick_certified_floors.py;v916_epstein_weil_violation.py;v917_driver_rate_certification.py;v918_doublelimit_reduction_theorem.py;v919_secular_gw_pinning.py;v920_loop_equivalence_theorems.py;v921_counting_dominance_closures.py;v922_spacing_jet_sumrule_theorems.py;v923_spectral_balance_razor_theorems.py;v924_moment_laurent_rootladder.py;v925_edge_cleanup_closures.py;v926_fullgap_growthlaw_theorems.py;v927_blockaverage_substrate_theorems.py;v928_depthblock_transfer_theorems.py;v929_sigmafloor_factorization.py;v930_window_instrument_mechanism.py;v931_jetmass_floor_theorems.py;v932_toproot_theta_statement.py;v933_h3_cofinal_adjudication.py;v934_gonek_pricing_unconditional.py;v935_thetainf_landau_bridge.py;v936_manifold_invariance_exclusion.py;v937_l1wpd_closure_reduction.py;v938_dbn_heatflow_census.py;v939_cbj_frame_adjudication.py;v940_cbj_subdof_blockfloor.py;v941_alignment_law_factorization.py;v942_pi_pattern_transfer_specificity.py;v943_mangoldt_ablation_localization.py;v944_ground_residue_observability.py;v945_zero_causal_stratification.py;v946_census_krein_pencil.py;v947_loewner_pick_dictionary.py;v948_krein_sign_characteristic.py;v949_commensurability_mechanism.py;v950_zero_channel_capacity.py;v951_cancellation_functional.py;v952_turan_extremal.py;v953_fewatom_reduction.py;v954_nodeless_pf.py;v955_tau_iiks_toda_dictionary.py;v956_signedmoment_halffilling_duality.py;v972_seam_interaction_front.py,fa34385c18d0,2026-08-27
tfpt_3_e8_audit_bootstrap,section,Further audit lemmas (machine-verified this round),11870,11907,,f779e820e593,2026-06-12
tfpt_3_e8_audit_bootstrap,section,"What this changes, and what stays open",11908,11956,v1_e8_glue.py;v4_flavor_matrix.py,513d7469af4e,2026-06-12
tfpt_3_e8_audit_bootstrap,section,"The old cascade, recalled",11957,11972,v5_e8_cascade.py,d018bbe54914,2026-06-12
tfpt_3_e8_audit_bootstrap,section,The spine: every rung is a current number,11973,12069,,25ca0af8a1c6,2026-06-12
tfpt_3_e8_audit_bootstrap,section,Three views of one spine,12070,12117,v91_spine_tetrahedron.py,199ce2157442,2026-06-12
tfpt_3_e8_audit_bootstrap,section,Direct $\phiz$ relations: old vs current,12118,12142,,8e6b7d7185f2,2026-06-12
tfpt_3_e8_audit_bootstrap,section,Sector inventory: have all the old-cascade sectors been computed?,12143,12181,,fe5ae611804b,2026-06-12
tfpt_3_e8_audit_bootstrap,section,"What is new, what is old, what stays open",12182,12225,,d2d8039096c1,2026-06-12
tfpt_3_e8_audit_bootstrap,section,The loop for $\gcar$ --- an overdetermined fixed point,12226,12323,v15_bootstrap_classification.py;v6_bootstrap.py,83431665abeb,2026-06-12
tfpt_3_e8_audit_bootstrap,section,The loop for $\cthree$ --- the ``$8$'' is the $E_8$ rank,12324,12345,,09d2a99e39c6,2026-06-12
tfpt_3_e8_audit_bootstrap,section,The Möbius origin of the irreducible $\pi$,12346,12470,v180_clock_is_mobius.py;v532_e8_degree_modular_checksum.py;v54_seam_horizon_keystones.py;v55_coxeter_cycle.py;v66_e8_casimir_degrees.py,303841f72ed4,2026-07-23
tfpt_3_e8_audit_bootstrap,section,The celestial and twistor continuum route,12471,13519,v180_clock_is_mobius.py;v492_celestial_z4_orbifold.py;v493_celestial_wp2_clock_deformation.py;v495_celestial_wp3_gs_alignment.py;v496_celestial_wp4_character_shadow.py;v497_celestial_wp5a_null_ideal.py;v498_celestial_wp5b_singular_vector.py;v500_celestial_wp5c_gns_limit_state.py;v501_celestial_wp5d_two_interval_index.py;v502_celestial_wp5e_prefactor_level.py;v503_qgeo_emergence_light.py;v504_celestial_wp5d_klm_completeness.py;v505_celestial_wp5e_beta_equivariant_ledger.py;v506_seam_clock_rigidity.py;v507_seam_bit_origin.py;v508_celestial_wp5e_gamma_pairing.py;v509_celestial_wp5e_eps2_level_from_flux.py;v510_seam_bit_freedom.py;v511_celestial_wp5e_delta2_tensor_ledger.py;v512_seam_tau_flag.py;v513_celestial_dterm_nonderivation.py;v514_celestial_wp5e_eps1_axion_slot.py;v515_celestial_wp5e_m1_omega_n.py;v516_celestial_wp5e_m2_twisted_ks_measure.py;v517_celestial_wp5e_m3_a0_uplift.py;v518_celestial_wp5e_delta1_derived_kill.py;v519_woit_theta_rp_free.py;v520_celestial_wp5e_measure_decision.py;v521_seam_bit_rp_blind.py;v522_woit_beta1_gso_gauge.py;v523_celestial_wp5e_wm_derived.py;v524_woit_beta2_os_quotient.py;v525_seam_bit_twist_blind.py;v526_seam_thermal_kms_nariai_bridge.py;v527_seam_clock_silver_spectrum.py;v528_seam_bit_twist_class_definition.py;v529_seam_interacting_toy_fk.py;v534_seam_straddle_cone.py;v565_woit_beta3_pt_duality.py;v972_seam_interaction_front.py,c4f23ee2702b,2026-08-27
tfpt_3_e8_audit_bootstrap,section,"Honest status: bootstrap, not creation from nothing",13520,13558,v108_pascal_ladder.py,8a9d20e27d27,2026-07-22
tfpt_3_e8_audit_bootstrap,section,The honest open-items list,13559,13627,v9_neutrino_texture.py,9e3b34436c30,2026-08-30
tfpt_3_e8_audit_bootstrap,section,The $E_8$-slice scan: results (honest hit / miss),13628,13677,,9bb6cf827ee4,2026-06-12
tfpt_3_e8_audit_bootstrap,section,Following the $SU(9)$ lead: cross-slice consistency,13678,13715,,6527de5ba23c,2026-06-12
tfpt_3_e8_audit_bootstrap,section,Appendix: computational verification,13716,13731,v1_e8_glue.py;v4_flavor_matrix.py;v5_e8_cascade.py;v6_bootstrap.py,b08c71e486fc,2026-06-12
tfpt_4_frontier,front,(front matter),1,127,v187_ftransfer_laws.py;v188_frontier_wording_guard.py;v213_ftransfer_functor.py;v35_quark_qcd_boundary.py;v397_external_clock_probe.py;v402_ftransfer_suite.py;v777_ftransfer_clock_jets.py;v792_ftransfer_kms_coset.py,25b82f2a298f,2026-08-06
tfpt_4_frontier,section,Baryon asymmetry $\eta_B$ --- a downstream readout from the closed $\Omega_b h^2$,128,225,v1001_nu_pentagon_chain.py;v169_etaB_boltzmann_interface.py;v184_etaB_anchored_boltzmann.py;v212_leptogenesis_decuple.py;v986_nu_scalaron_rung.py,33e08202513e,2026-08-29
tfpt_4_frontier,section,Proton/electron ratio $m_p/m_e$ --- a cross-sector ratio,226,298,v159_pyrate_gauge_crosscheck.py;v164_qcd_scale.py;v262_fqcd_mp_me.py;v339_firstprinciples_boundary.py;v723_phys_modular_clock.py;v724_phys_t3b_modular_flows.py;v725_phys_vgeo_torsor_audit.py;v79_review_identities.py,5dde4c1784cd,2026-08-03
tfpt_4_frontier,section,The Higgs quartic --- near-criticality from the free seam,299,337,v158_fixed_point_stable.py;v159_pyrate_gauge_crosscheck.py;v164_qcd_scale.py;v166_higgs_free_seam.py,7f638e3bebef,2026-06-13
tfpt_4_frontier,section,"The Koide relation --- near $2/3$, computed exactly",338,491,v183_koide_f_corner_transfer.py;v25_frontier_conjectures.py;v37_plucker_anchor.py;v420_fpole_qed_running.py;v82_koide_attractor_splitting.py;v93_koide_relaxation_toy.py;v99_koide_flow_time.py,c78c6f17e987,2026-06-25
tfpt_4_frontier,section,"Dark matter --- the candidate is fixed, the scale is pending",492,617,v185_axion_relic_solver.py;v211_axion_spine_angle.py;v25_frontier_conjectures.py;v429_axion_pentagon_phi.py;v430_other_side_reverse_audit.py,dcafd579e0d1,2026-07-10
tfpt_4_frontier,section,The muon anomalous magnetic moment --- a seam vertex readout,618,651,v204_muon_seam_g2.py;v51_boundary_half_step.py,22e7d92a783a,2026-08-04
tfpt_4_frontier,section,Full quantum gravity --- induced from the boundary kernel,652,1158,v1000_spin2_sk_witnesses.py;v1001_nu_pentagon_chain.py;v1002_spin10_mirror_projector.py;v1003_nu_structural_nulls.py;v1004_milnor_frobenius_gray.py;v1005_relative_pencil_bridges.py;v1006_mmst_lemma_battery.py;v1007_det16_stability_battery.py;v1008_master_assembly_scaffold.py;v1009_rho0_minimizer.py;v1010_simplicity_bridge_census.py;v1011_3p1d_ladder_battery.py;v1012_toe_gate_witnesses.py;v1013_thermodynamic_dynamics.py;v1014_bridge_refinements.py;v1015_axiom_core_closure.py;v1016_state_gap_batteries.py;v1017_kernel_loewner_positivity.py;v1018_e8_directed_readout.py;v1019_coxeter_euler_completion.py;v1026_telb_round4_closure.py;v1027_signed_det_car_wall.py;v1028_gauss_d4_cap.py;v1029_local_tensor_constraints.py;v1030_alg2_sector_frame.py;v1031_quantum_tensor_curvature.py;v1032_covariant_curvature.py;v1033_charged_disorder.py;v1034_parent_mirror.py;v1035_matter_coupling.py;v113_quasifree_kernel.py;v152_norm_is_anchor.py;v165_premise_a_closure.py;v177_seam_marking_kernel.py;v205_xi_threequarter.py;v206_h0_lambda_branch.py;v207_asymptotic_safety.py;v210_mark_local_dtn.py;v255_spectral_action_expansion.py;v259_modular_cutoff_kappa.py;v274_scale_overdetermination.py;v275_qgamb_roadmap.py;v277_seam_calderon_e8_match.py;v281_holomorphy_modular_data.py;v283_live_killtest_scorecard.py;v337_decoupling_theorem.py;v358_grav_entropy_equilibrium.py;v359_grav_nonlinear_einstein.py;v360_grav_gap_corrections.py;v361_grav_backreaction.py;v36_spectral_action_g2.py;v423_no_ambient_dependency.py;v60_lambda_metrology_branch.py;v989_lattice_gate_battery.py;v993_minimal_defect_selector.py;v994_mmst_criteria_battery.py;v995_kms_subnet_rigidity.py;v996_gauge_grammar_kill.py;v997_spin2_smg_witnesses.py;v998_seam_modular_closure.py;v999_weak_collision_hp.py,4d557390b448,2026-09-07
tfpt_4_frontier,section,Summary,1159,1215,v371_ftransfer_pole.py;v372_ftransfer_boltzmann.py;v373_ftransfer_relic.py;v374_ftransfer_qcd.py;v386_grav_amplitude.py;v389_grav_loop_finiteness.py;v400_grav_nonlocal_action.py,e3aaf64f6d07,2026-08-30
tfpt_4_frontier,section,Appendix: computational verification,1216,1231,v28_gravity_fR.py;v36_spectral_action_g2.py;v7_gravity_cosmo.py,435494367e01,2026-06-25
tfpt_5_redteam,front,(front matter),1,83,,6dd10ca7c7c6,2026-07-24
tfpt_5_redteam,section,Method,84,100,,c207bdd017b9,2026-07-24
tfpt_5_redteam,section,Target A --- the $(E8)_1$ boundary-net identification,101,126,,a2a8182c2254,2026-06-12
tfpt_5_redteam,section,Target B --- carrier rank / the Pascal condition,127,146,,3d7d3d087f33,2026-06-12
tfpt_5_redteam,section,Target C --- $k=\cthree/2$ and the seam-area coefficient,147,169,,9a96b0bd27c8,2026-06-12
tfpt_5_redteam,section,Target D --- $U_{\mathrm{point}}\to\vgeo$,170,201,v561_cp_channel_identities.py;v564_cp_fiber_pin.py,34593321cd59,2026-07-30
tfpt_5_redteam,section,Target E --- $\vgeo$ as the unique dimensional floor,202,222,,b7454d7d4217,2026-06-12
tfpt_5_redteam,section,Target F --- the perturbative 4D-QFT $+$ scale round (v269--v275),223,303,v304_idg_nonlocal_ghost.py;v370_grav_spin2_unitarity.py;v380_grav_kms_hessian.py;v385_uvbranch_killtest.py,5c6c6856846c,2026-08-27
tfpt_5_redteam,section,Target G --- the alignment bit and the interacting seam (the first shot that lands),304,404,v521_seam_bit_rp_blind.py;v525_seam_bit_twist_blind.py;v528_seam_bit_twist_class_definition.py;v529_seam_interacting_toy_fk.py;v534_seam_straddle_cone.py;v972_seam_interaction_front.py,8d50fc51344c,2026-08-27
tfpt_5_redteam,section,Outcome,405,759,v100_numerology_null_mc.py;v154_simple_current_theorem.py;v182_reviewer_residual_map.py;v219_icosahedral_mckay.py;v220_cp_hexagonal_modulus.py;v225_dual_normal_frame.py;v227_degree_exponent_channel_split.py;v231_cp_mu6_phases.py;v233_cp_triality_phase.py;v305_witness_independence.py;v306_seed_crossval.py;v320_galois_cp_relation.py;v354_e8_reverse_audit.py;v355_e8_unmapped_bandwidth.py;v375_observatory_registry.py;v429_axion_pentagon_phi.py;v430_other_side_reverse_audit.py;v431_e8_degree_ladder.py;v437_e8_degree_joint.py;v444_seam_edge_scaling.py;v445_seam_rigidity_forcing.py;v446_seam_clock_invariance.py;v447_seam_edge_chern.py;v448_seam_edge_fourpoint.py;v449_seam_mmst_uniform.py;v450_seam_edge_entanglement.py;v451_seam_edge_cardy_tower.py;v452_seam_e8_modular.py;v453_seam_mu4_from_marks.py;v465_seed_crosssector_joint.py;v466_seed_leptonmass_channel.py;v469_seam_crossedproduct_route.py;v561_cp_channel_identities.py;v564_cp_fiber_pin.py;v66_e8_casimir_degrees.py;v83_e8net_holomorphic_uniqueness.py;v86_nstar_reheating.py;v87_bulk_uniqueness_reduction.py;v88_cp_phase_audit.py;v89_carrier_index_lemma.py;v92_glue_uniqueness.py;v99_koide_flow_time.py,de8d1edb1371,2026-07-30
tfpt_horizon_readouts,front,(front matter),1,98,v526_seam_thermal_kms_nariai_bridge.py,50c90976f69a,2026-07-23
tfpt_horizon_readouts,section,The seam constant is the universal horizon temperature factor,99,108,v8_horizon.py,5a3f38cb2349,2026-06-12
tfpt_horizon_readouts,section,Schwarzschild thermodynamics in four $\cthree$-lines,109,157,v198_modular_commutator_reduction.py;v208_bh_thermodynamics.py;v28_gravity_fR.py;v526_seam_thermal_kms_nariai_bridge.py,147041e9dc62,2026-07-23
tfpt_horizon_readouts,section,Page time and scrambling,158,187,v221_seam_qecc.py;v54_seam_horizon_keystones.py,939ed88ba0c3,2026-06-17
tfpt_horizon_readouts,section,De Sitter and the Nariai bound from the $\Lambda$ closure,188,203,,526df4bfe631,2026-06-12
tfpt_horizon_readouts,section,The maximal black hole is the anchor: SdS in seam units,204,660,v101_horizon_anchor.py;v102_seam_orientation.py;v103_trisection_normal_form.py;v104_nariai_clock.py;v107_quantum_clock_target.py;v124_resummed_clock.py;v126_clock_wall_bridge.py;v127_ring_resummation.py;v128_graded_hull.py;v129_entropy_power_law.py;v130_born_square.py;v131_measure_is_area.py;v132_detratio_anomaly.py;v133_zeta_budget.py;v134_dual_anchor.py;v138_vw_firewall.py;v144_detratio_family.py;v147_clock_gaussian.py;v190_nariai_entropy_bound.py;v191_universal_branch_line.py;v209_bh_regular_core.py;v54_seam_horizon_keystones.py;v56_unique_attractor.py,6804e5c14ad3,2026-06-24
tfpt_horizon_readouts,section,"Turnaround radius, gravitational waves, light",661,684,,5462b90a34b1,2026-06-12
tfpt_horizon_readouts,section,The local sibling: an EHT achromatic polarization intercept,685,711,v203_eht_achromatic.py,1ef3477fbcdb,2026-06-14
tfpt_horizon_readouts,section,Search targets (not claims),712,776,,daefb1c47453,2026-08-03
tfpt_horizon_readouts,section,Appendix: computational verification,777,788,v8_horizon.py,abf9b76e25f0,2026-06-25
tfpt_research_contracts,front,(front matter),1,207,v113_quasifree_kernel.py;v224_diamond_ftransfer_path.py;v384_residual_certification.py;v394_coxeter_atoms.py;v409_coxeter_prime2_lemma.py;v533_ftransfer_disc7_norm.py;v632_ftransfer_pgl2.py;v972_seam_interaction_front.py;v973_seam_route_narrowing.py,319234b8bb17,2026-09-05
tfpt_research_contracts,section,Research Contract 1 --- $(U_{\mathrm{wall}})$,208,2321,v114_torsion_delta.py;v115_anchor_residue.py;v116_resonance_uniqueness.py;v117_monodromy_weyl_a3.py;v118_hexagon_family_dictionary.py;v119_review_validation_2.py;v120_address_table.py;v121_address_pinning.py;v122_margin_theorem.py;v134_dual_anchor.py;v135_det_surface.py;v136_dual_normal_selector.py;v139_selector_triangle.py;v142_frame_integrality.py;v145_pairing_atoms.py;v149_cusp_normal.py;v168_qgeo_rigidity.py;v176_seam_collar_realisation.py;v177_seam_marking_kernel.py;v178_marks_kernel_attempt.py;v179_conformal_realisation.py;v180_clock_is_mobius.py;v181_clock_is_conformal_symmetry.py;v192_qgeo_energy_clock.py;v193_qgeo_energy_commutator.py;v194_raw_seam_dtn_rp.py;v195_marks_lefschetz_character.py;v196_seam_energy_functional.py;v198_modular_commutator_reduction.py;v199_seam_state_invariance.py;v200_seam_variational_scan.py;v201_seam_subprincipal_marks.py;v210_mark_local_dtn.py;v214_seam_pillowcase.py;v215_seam_deck_killtest.py;v216_marks_gauss_bonnet.py;v217_marks_emergence_scan.py;v228_rr_index_gate.py;v234_seam_holomorphy_selection.py;v235_seam_chern_simons.py;v237_seam_sre_closure.py;v238_modular_lindblad_dynamics.py;v239_kms_thermal_time.py;v240_gns_os_reconstruction.py;v241_dhr_sectors.py;v242_spin_statistics_modular.py;v243_haag_ruelle_braiding.py;v244_spectral_action_contract.py;v245_spectral_matter_content.py;v246_unification_data_crosscheck.py;v247_e8_branching_no126.py;v248_ps_algebra.py;v249_ps_unification.py;v250_dirac_triple_contract.py;v251_first_order_sigma.py;v252_full_finite_triple.py;v253_kappa_scalaron_ps.py;v254_inner_fluctuations.py;v255_spectral_action_expansion.py;v256_orientability_poincare.py;v257_quasiorient_modpd.py;v258_dirac_covariance_induction.py;v259_modular_cutoff_kappa.py;v260_k3_kummer_unification.py;v261_modular_spectral_closure.py;v264_raw_seam_marklocal.py;v265_qft4d_fork_freeze.py;v266_ps_threshold_proton.py;v267_qgeo_rigidity_minimal_axiom.py;v269_spert_paqft_skeleton.py;v271_eg_oneloop_quartic.py;v273_eg_gauge_running.py;v276_qgeo_flat_closes_commutator.py;v278_lsz_bridge_unitarity.py;v279_qgeo_obligation_lemma.py;v280_pillowcase_steklov.py;v282_e8_tau_i_unification.py;v284_route_i_rp_uniqueness.py;v285_route_ii_seam_condensation.py;v286_seam_equivalence_contract.py;v287_free_rp_bulk_to_holomorphic_boundary.py;v288_full_l2_subprincipal_z4.py;v289_marklocal_raw.py;v290_z4_smooth_curvature_adversary.py;v291_flataway_contract.py;v292_flataway_heat_reduction.py;v293_flataway_spectral_hessian.py;v294_flataway_rp_energy.py;v295_flataway_a2_exact.py;v296_flataway_a2_closed.py;v297_route_a_literature_stack.py;v29_research_contract_certs.py;v300_flataway_rigid.py;v301_route_a_invertible.py;v302_seam_gap.py;v308_seam_equiv_chain.py;v309_modular_bedrock.py;v30_d4_character_variety.py;v310_carrier_sm_anomaly.py;v311_gap_decoupled_measure.py;v31_R_dictionary.py;v32_rh_splitting.py;v33_explicit_flat_bundle.py;v34_h2_bridge_attempt.py;v356_continuum_mmst_applicability.py;v366_mmst_seam_collar.py;v367_seam_s3_lattice.py;v368_seam_s3_inflow.py;v376_seam_s3_centralcharge.py;v377_seam_s3_e8character.py;v378_seam_s3_modular.py;v379_seam_s3_rp.py;v38_uwall_killswitch.py;v392_seam_s3_scalinglimit.py;v398_seam_state_rigidity.py;v399_gravity_complete.py;v39_uwall_selectors.py;v401_metrology_closure.py;v40_harmonic_metric.py;v41_leg_assignment.py;v424_seam_lto_rp_reduction.py;v426_seam_lto_rp_kms.py;v42_exterior_leg.py;v438_seam_hsmi_borchers.py;v439_seam_lieb_robinson.py;v43_exterior_bridge.py;v440_seam_lto_rp_beta.py;v441_seam_applicability_ledger.py;v442_seam_rigidity_uniform.py;v443_seam_e8_discriminator.py;v444_seam_edge_scaling.py;v445_seam_rigidity_forcing.py;v446_seam_clock_invariance.py;v447_seam_edge_chern.py;v448_seam_edge_fourpoint.py;v449_seam_mmst_uniform.py;v44_carrier_exterior.py;v450_seam_edge_entanglement.py;v451_seam_edge_cardy_tower.py;v452_seam_e8_modular.py;v453_seam_mu4_from_marks.py;v454_seam_edge_virasoro.py;v455_seam_bw_uniform.py;v456_seam_chirality_from_c3.py;v457_seam_character_killtest.py;v458_seam_mmst_citation_audit.py;v459_seam_lattice_voa_route.py;v45_family_exterior.py;v460_seam_s3_lto.py;v461_seam_strict_locality.py;v462_seam_spinor_continuum.py;v463_seam_c8_holomorphic_uniqueness.py;v464_seam_oneparticle_rigidity.py;v469_seam_crossedproduct_route.py;v480_multilocal_four_interval.py;v489_seam_modular_commutator.py;v490_seam_parity_census.py;v49_readout_rigidity.py;v503_qgeo_emergence_light.py;v506_seam_clock_rigidity.py;v507_seam_bit_origin.py;v510_seam_bit_freedom.py;v512_seam_tau_flag.py;v521_seam_bit_rp_blind.py;v525_seam_bit_twist_blind.py;v528_seam_bit_twist_class_definition.py;v529_seam_interacting_toy_fk.py;v534_seam_straddle_cone.py;v597_mu4_cover_model.py;v601_equivariant_dual.py;v602_duality_forms.py;v71_simple_r_bridge.py;v75_upoint_to_vgeo.py;v973_seam_route_narrowing.py,1f83e83f3c15,2026-08-30
tfpt_research_contracts,section,Research Contract 2 --- $(G_{\mathrm{metric}})$,2322,10911,v1017_kernel_loewner_positivity.py;v125_glue_qsystem.py;v128_graded_hull.py;v143_graded_frobenius.py;v148_fock_census.py;v150_replica_eh_model.py;v151_bfk_split.py;v153_no_unit_theorem.py;v154_simple_current_theorem.py;v155_quasifree_boundary.py;v156_seam_net_construction.py;v157_rigid_fixed_point.py;v158_fixed_point_stable.py;v160_seam_gaussianity_from_pf.py;v161_one_particle_reduction.py;v162_seam_transport_identification.py;v165_premise_a_closure.py;v171_os_moment_cluster.py;v175_net_existence_full_cone.py;v28_gravity_fR.py;v29_research_contract_certs.py;v358_grav_entropy_equilibrium.py;v359_grav_nonlinear_einstein.py;v364_vgeo_sharpen.py;v365_qg_oneloop_saddle.py;v369_qgamb_redundancy.py;v36_spectral_action_g2.py;v473_entropic_action_bridge.py;v474_entropic_hodge_carrier.py;v475_entropic_scalaron_gate.py;v476_entropic_compression_toy.py;v477_entropic_scaleflow.py;v478_entropic_continuum_legs.py;v535_hecke_from_geometry.py;v536_eichler_trace_layer.py;v537_halfintegral_bridge.py;v538_relative_trace_identity.py;v539_weil_structure_family.py;v540_amplitude_linear_carrier.py;v541_matching_lemma_ledger.py;v542_margin_chain_identities.py;v543_lumped_pair_identities.py;v544_long_lag_support.py;v545_hardy_core_identities.py;v546_capacity_chain_identities.py;v547_level_lemma_identities.py;v548_green_szego_identities.py;v549_gauge_parity_identities.py;v550_odd_sector_identities.py;v551_ritz_ceiling_certificate.py;v552_angle_instruments.py;v553_exact_form_identities.py;v554_sampling_harmonics_identities.py;v555_pareto_tv_identities.py;v556_gauge_ppr_identities.py;v557_cascade_vector_identities.py;v558_bilinear_rank_identities.py;v559_phase2_capstone.py;v560_frame_deficit_identities.py;v59_area_law_evidence.py;v624_external_lattice_audit.py;v627_hodge_chamber.py;v630_suzuki_contact.py;v631_w1_dictionary.py;v640_w1_boundary.py;v641_w1_portability.py;v642_w1_matrix.py;v643_w1_theorem.py;v644_w2_form_density.py;v648_sign_uncertainty.py;v655_w2_mosco.py;v656_margin_link.py;v657_rid_alignment.py;v658_w3_uniform_bound.py;v659_w3_landscape.py;v660_theta_predicate.py;v661_garding.py;v662_garding_edgeband.py;v663_garding_envelope.py;v667_baez_duarte.py;v668_ground_truth.py;v669_fejer_density.py;v670_w3_block_deflation.py;v671_lehmer_resonance.py;v672_li_corollary.py;v673_li_e4.py;v674_packet_garding.py;v675_needle_mechanism.py;v676_c1_mechanism.py;v677_w3_structure_theorem.py;v678_zero_gap_theorem.py;v680_pinch_attack.py;v681_coverage_hole.py;v682_lk_split_theta.py;v683_rank3_functionals.py;v684_rank3_zeroside.py;v685_rank3_uniformity.py;v686_geometric_sos.py;v687_extremal_kernel.py;v688_interpolation_detector.py;v689_gaussian_code_bridge.py;v690_quartic_half.py;v691_hecke_sos.py;v692_rank3_lockgram.py;v693_rank3_density_close.py;v694_interpolation_lemma_closure.py;v695_z1_trace_operator.py;v696_z1_jacobi.py;v697_z1_uvarov.py;v698_z1_flow_recursion.py;v702_z1_lookahead.py;v703_chain_tolerance_scaling.py;v705_chain_deck_sector.py;v709_chain_zero_layer.py;v710_chain_two_stage_hecke.py;v711_chain_firstbirth_scaling.py;v712_rank3_transverse_deck.py;v713_l1_montage.py;v714_moonshot_hecke_groupoid.py;v715_qgeo_car_continuum.py;v716_moonshot_arch_glue.py;v717_moonshot_state.py;v718_moonshot_spectral.py;v719_moonshot_traceformula.py;v720_moonshot_k2k3.py;v721_k1_node_capture.py;v722_phys_ramified_ns_r.py;v725_phys_vgeo_torsor_audit.py;v726_phys_car_pp_index.py;v727_l1_identification.py;v728_k1b_superresolution.py;v729_strat2_rp_universality.py;v730_strat2_pinning_lemma.py;v731_strat2_gap_universality.py;v732_strat3_sonin_prolate.py;v733_strat3_gate0_census.py;v734_s1_canonical.py;v735_strat3_ucp_inductive.py;v740_kms_extension_switch.py;v741_kms_toeplitz_semigroup.py;v743_schur_cone_recursion.py;v745_qgeo_car_l1_sector_lemma.py;v749_simpler_tower.py;v750_simpler_gluing.py;v751_ward_monotone.py;v752_projective_hamming_incidence.py;v753_ramified_polarity.py;v754_ramodd_twostep.py;v755_simpler_schur_recursion.py;v756_kms_incidence_stinespring.py;v758_simpler_certificate.py;v759_handoff_fixed_window_resolution.py;v760_antialias_exact.py;v761_atom_pole_abel.py;v762_dense_weil_core.py;v763_yosida_handoff.py;v765_handoff_redteam.py;v766_handoff_bulk.py;v767_handoff_frequency_gram.py;v768_handoff_tail_weil.py;v769_qf_contract_necessity.py;v76_gmetric_reduction.py;v770_qf_spectral_bundle.py;v771_qf_representation_census.py;v772_qf_feshbach_effective.py;v773_qf_cell_cocycle.py;v776_boundary_hamming_uniqueness.py;v778_qgeo_gridsup_logsum.py;v779_gnet_gns_arf.py;v77_e8_conformal_net.py;v780_z1_compactness_trilogy.py;v791_positive_descent.py;v793_f8sector_conductor.py;v794_cp_extension_gate.py;v796_duad_syntheme_bridge.py;v798_seam_clifford_modular_s.py;v799_seam_code_typeii.py;v801_prime_cp_intertwiner.py;v802_gnet_martingale.py;v803_e8_jetcode_affine_nsr.py;v804_prime_carrier_gray.py;v805_e8_syndrome_algebra.py;v806_hecke_local_clifford.py;v807_lorentz_nullselector.py;v808_petersen_sixthroot.py;v809_curve_code_doily.py;v810_cutcode_moment.py;v811_prime_kraus_doily.py;v812_flavor_graph_filtration.py;v813_p1_index_kms.py;v814_k5_sixstep_transport.py;v815_kraus_spread_commutant.py;v816_prime_mosco_selection.py;v817_positive_descent_master.py;v818_sector_floor_attack.py;v819_prime_packet_rm14.py;v820_prime_kraus_rm24.py;v821_prime_vacuum35.py;v822_prime_vacuum_dilation.py;v823_prime_lagrange_floor.py;v824_prime_floor_skeleton.py;v825_prime_exclusion_ladder.py;v826_prime_exclusion_battery2.py;v827_prime_zero_locator.py;v828_prime_comb_window.py;v829_prime_floor_depth.py;v830_prime_float_budget.py;v831_prime_alias_second_moment.py;v835_corner_hjelmslev_tower.py;v836_commutant_sos_closure.py;v837_corner_closure_quantifier.py;v838_corner_expectation_position.py;v839_paircorr_bridge_saturation.py;v840_gue_ablation_loopgain.py;v841_relation_carrier_ladder.py;v842_excess_certified_skeleton.py;v843_margin_law_excess_lean.py;v844_message_doily_rank.py;v845_cfin_normal_form.py;v846_schur_spectral_mother.py;v847_wedge_cellcone_transport.py;v848_extraction_chain.py;v849_cfin_unique_cofinal_lean.py;v850_completion_tax_flow.py;v851_cluster_kernel_field.py;v852_arf_vacuum_ovoid.py;v853_bent_css_mangoldt.py;v855_invariance_atlas.py;v856_connected_current_lean.py;v857_simplex_fourier_winding.py;v858_g31_clock_alphabet.py;v859_grade_no_go_elevator.py;v860_phase_lever_closure.py;v861_krein_normalform_lean.py;v862_defect_polar_weld.py;v863_redheffer_colligation.py;v864_softport_kappa_law.py;v866_source_contractor_formula.py;v867_radau_conditioning.py;v868_divisor210_audits.py;v869_cdcore_clarkphase.py;v870_christoffel_gauss_frame.py;v871_pole_uvarov_crossdefect.py;v872_damping_compensation.py;v873_pruefer_cotlar_decision.py;v874_feedback_decoder_lean.py;v875_shell_global_lean.py;v876_carleson_polygon_wave.py;v877_complete_comb_reversal.py;v878_ledger_integrity.py;v879_envelope_partition_closure.py;v880_finite_anchor_theorems.py;v881_carleson_port_geometry.py;v882_port_source_mellin.py;v883_tau_chain_parametrix.py;v884_certified_head_positivity.py;v885_ladder_flow_anatomy.py;v886_register_gapcode_null.py;v887_certified_ladder_complete.py;v888_finite_pfaffian_signature.py;v889_route_decisions.py;v890_total_positivity_flow.py;v891_moebius_firewall_kills.py;v892_closure_architecture.py;v893_relative_margins.py;v894_diagonal_refinement.py;v895_collective_comb.py;v896_wick_block_functor.py;v897_certified_interval_ladder.py;v898_kms_schur_mixing.py;v899_christoffel_normsquare.py;v900_core_update_anatomy.py;v903_seam_rp_exclusion.py;v905_bfloor_ideal_certificate.py;v906_tail_cartography.py;v907_halfgap_registered_target.py;v908_seam_equilibrium_wiring.py;v909_finite_wall_closure.py;v910_finite_zero_transfer.py;v911_wiring_freedom.py;v912_form_convergence_theorem.py;v955_tau_iiks_toda_dictionary.py;v956_signedmoment_halffilling_duality.py;v958_bordered_tau_readout_dictionary.py;v959_coupledtau_terminal_dictionary.py;v960_terminal_surface_closure.py;v961_midpoint_orientation_dictionary.py;v962_halffilling_pinning_theory.py;v963_lstar_reduction_dictionary.py;v964_lstar_coherence_census.py;v965_lstar_curvature_arc.py;v966_l2_reduction_chain.py;v967_l2_cascade_closure.py;v968_architecture_adjudication.py;v969_forks_and_redteam.py;v970_extraction_and_composition.py;v972_seam_interaction_front.py;v978_terminal_density_martingale.py;v979_cover_growth_k2.py;v980_lstar_margin_chain.py;v981_lstar_borodin_duality.py;v982_dirichlet_matched_frame.py;v995_kms_subnet_rigidity.py,24947640e48e,2026-09-01
tfpt_research_contracts,section,Research Contract --- \texttt{CELEST.SEAM.01} (the celestial and twistor continuum route),10912,12136,v492_celestial_z4_orbifold.py;v493_celestial_wp2_clock_deformation.py;v495_celestial_wp3_gs_alignment.py;v496_celestial_wp4_character_shadow.py;v497_celestial_wp5a_null_ideal.py;v498_celestial_wp5b_singular_vector.py;v500_celestial_wp5c_gns_limit_state.py;v501_celestial_wp5d_two_interval_index.py;v502_celestial_wp5e_prefactor_level.py;v504_celestial_wp5d_klm_completeness.py;v505_celestial_wp5e_beta_equivariant_ledger.py;v506_seam_clock_rigidity.py;v507_seam_bit_origin.py;v508_celestial_wp5e_gamma_pairing.py;v509_celestial_wp5e_eps2_level_from_flux.py;v511_celestial_wp5e_delta2_tensor_ledger.py;v513_celestial_dterm_nonderivation.py;v514_celestial_wp5e_eps1_axion_slot.py;v515_celestial_wp5e_m1_omega_n.py;v516_celestial_wp5e_m2_twisted_ks_measure.py;v517_celestial_wp5e_m3_a0_uplift.py;v518_celestial_wp5e_delta1_derived_kill.py;v520_celestial_wp5e_measure_decision.py;v523_celestial_wp5e_wm_derived.py,62902eaaa0d2,2026-07-24
tfpt_research_contracts,section,Research Contract --- \texttt{WOIT.OS.TWISTOR.01} (the Osterwalder--Schrader twistor bridge),12137,12469,v519_woit_theta_rp_free.py;v522_woit_beta1_gso_gauge.py;v524_woit_beta2_os_quotient.py;v526_seam_thermal_kms_nariai_bridge.py;v527_seam_clock_silver_spectrum.py;v529_seam_interacting_toy_fk.py;v534_seam_straddle_cone.py;v565_woit_beta3_pt_duality.py;v608_gamma_free_slice.py;v615_gamma_toy_interacting.py;v616_su2_internal_kinematic.py;v972_seam_interaction_front.py,0f10c7b415c4,2026-08-27
tfpt_research_contracts,section,Research Contract --- \texttt{CCC.SEAM.CROSSOVER.01} (the conformal-cyclic crossover on the seam geometry),12470,12570,v957_ccc_crossover_kinematics.py;v976_seam_lift_birkhoff.py,0f78eca254ee,2026-08-27
tfpt_research_contracts,section,Firewall Contract --- \texttt{DIMENSION.UPLIFT.FIREWALL.01} (no $1{+}1$D theorem closes a $3{+}1$D claim),12571,12632,,d3c29b2a9283,2026-08-21
tfpt_research_contracts,section,Research Contract --- \texttt{SEAM.BULK4D.RECON.01} (from seam data to a 4D local quantum theory),12633,12686,v1020_spectator_sector_obstruction.py,e7588a13b849,2026-09-04
tfpt_research_contracts,section,"Research Contract --- \texttt{BULK.PRIME\_COMPLETION.01} (prime/seam-generated completions, no spectator)",12687,12725,v1020_spectator_sector_obstruction.py,c5e15b7c1d23,2026-09-02
tfpt_research_contracts,section,Research Contracts --- \texttt{DYN.MARKOV.EMBED.01} / \texttt{DYN.UNITARY.DILATION.01} (the three meanings of ``dynamics''),12726,12868,v971_markov_embedding_generator.py;v976_seam_lift_birkhoff.py;v977_transfer_unistochastic_wilson.py;v984_markov_qca_dilation.py;v987_os_dilation_package.py;v999_weak_collision_hp.py,b78b8c8604e4,2026-08-29
tfpt_research_contracts,section,Research Contract --- \texttt{QFT4D.OS.RECON.01} (the genuine 4D Euclidean lattice package),12869,12959,v1008_master_assembly_scaffold.py;v1011_3p1d_ladder_battery.py;v1013_thermodynamic_dynamics.py;v989_lattice_gate_battery.py,7158ff8c8143,2026-08-30
tfpt_research_contracts,section,Research Contract --- \texttt{CHIRAL4D.NOMIRROR.01} (the chiral 4D lattice matter theorem),12960,13028,v1002_spin10_mirror_projector.py;v989_lattice_gate_battery.py;v997_spin2_smg_witnesses.py,d11d21a73198,2026-08-29
tfpt_research_contracts,section,"Research Contract --- \texttt{CHIRAL4D.MIRROR.DET16.01} (DET16 rank-one projector, finite cluster)",13029,13091,v1002_spin10_mirror_projector.py;v1007_det16_stability_battery.py;v1016_state_gap_batteries.py;v1023_derivative_filtered_wall.py,a05ba8c87942,2026-09-05
tfpt_research_contracts,section,Firewall Contract --- \texttt{GRAV.NONCIRCULAR.01} (the Bisognano--Wichmann direction discipline),13092,13141,,f330002d2689,2026-08-21
tfpt_research_contracts,section,"Research Contract --- \texttt{OBS.TRANSDUCTION.01} (the transduction principle: eigenvalue, projection, coupling)",13142,13187,v990_wj_transduction_mechanism.py,866499c0c075,2026-08-28
tfpt_research_contracts,section,Research Contract --- \texttt{PRED.JOINTLIKELIHOOD.01} (from hit-counting to overdetermined relations),13188,13235,v992_joint_likelihood_v1.py,855c71f8d6e8,2026-08-28
tfpt_research_contracts,section,Research Programme --- the TFPT4D master route (one 4D transfer object instead of twenty formulas),13236,13342,v973_seam_route_narrowing.py;v975_dimension_selector_4d.py;v976_seam_lift_birkhoff.py;v977_transfer_unistochastic_wilson.py;v984_markov_qca_dilation.py,7c3fbca558e9,2026-08-28
tfpt_research_contracts,section,"Verified Selector --- \texttt{DIMENSION.SELECTOR.4D.01} (why $d=4$, conditionally)",13343,13377,v975_dimension_selector_4d.py,1dfc612d50f8,2026-08-21
tfpt_research_contracts,section,Research Contract --- \texttt{SEAM.SIMPLECURRENT.GENERATOR.01} (one generator instead of 128 currents),13378,13529,v973_seam_route_narrowing.py;v983_simple_current_generator.py;v988_psi_lambda_reduction.py;v993_minimal_defect_selector.py;v994_mmst_criteria_battery.py;v998_seam_modular_closure.py,b38595b3044b,2026-08-29
tfpt_research_contracts,section,Research Contract --- \texttt{TFPT4D.LATTICE.ACTION.01} (the explicit finite 4D lattice action and its seven finite gates),13530,13615,v1008_master_assembly_scaffold.py;v1011_3p1d_ladder_battery.py;v1013_thermodynamic_dynamics.py;v989_lattice_gate_battery.py,f6c7f6c22c90,2026-08-30
tfpt_research_contracts,section,Research Contract --- \texttt{SEAM.DETLINE.UNIFICATION.01} (the determinant-line unification hypothesis),13616,13662,v1014_bridge_refinements.py;v974_alpha_faces_computed.py;v977_transfer_unistochastic_wilson.py;v991_detline_bulk_edge.py,37e7a1e504d0,2026-08-30
tfpt_research_contracts,section,Research Contract --- \texttt{FTRANSFER.GENERATING.01} (four transfer bridges from one generating functional),13663,13696,v990_wj_transduction_mechanism.py,b4ca77d23d0c,2026-08-28
tfpt_research_contracts,section,Research Contract --- \texttt{GAUGE.DETLINE.FIXPOINT.01} (all three gauge couplings from one zeta-det functional),13697,13755,v1008_master_assembly_scaffold.py;v1011_3p1d_ladder_battery.py;v996_gauge_grammar_kill.py,0a36115d27f8,2026-08-30
tfpt_research_contracts,section,Research Contract --- \texttt{GRAV.SPIN2.EMERGENCE.01} (massless transversal spin-2 from the same spectral determinant),13756,13823,v1000_spin2_sk_witnesses.py;v1012_toe_gate_witnesses.py;v1024_parent_internal_boundaries.py;v997_spin2_smg_witnesses.py,4a5e3d3b7e9b,2026-09-05
tfpt_research_contracts,section,"Research Contract --- \texttt{FTRANSFER.SK.RHO0.01} (Schwinger--Keldysh completion: cosmological transfers need $(S,\rho_0)$)",13824,13892,v1000_spin2_sk_witnesses.py;v1009_rho0_minimizer.py;v1012_toe_gate_witnesses.py;v1016_state_gap_batteries.py;v1024_parent_internal_boundaries.py,e1d5ad51a75d,2026-09-05
tfpt_research_contracts,section,Research Contract --- \texttt{SEAM.MMST.TYPEIII.CHARGED.01} (one scaling-limit theorem),13893,13935,v1006_mmst_lemma_battery.py;v1016_state_gap_batteries.py,6153fe299111,2026-09-04
tfpt_research_contracts,subsection,TEL-B reduction (2026-09-04),13936,14102,v1022_telb_round3_certificates.py;v1025_telb_c1_c2a_certificates.py;v1026_telb_round4_closure.py,d4bb427b9dd3,2026-09-05
tfpt_research_contracts,section,Research Contract --- \texttt{TFPT.TOE.COMPLETE.01} (the named AND of eight completeness gates),14103,14236,v1012_toe_gate_witnesses.py;v1013_thermodynamic_dynamics.py;v1014_bridge_refinements.py;v1015_axiom_core_closure.py;v1016_state_gap_batteries.py;v1022_telb_round3_certificates.py;v1023_derivative_filtered_wall.py;v1024_parent_internal_boundaries.py;v1025_telb_c1_c2a_certificates.py,16ad5042bd87,2026-09-07
tfpt_research_contracts,section,Research Contract --- \texttt{FLAV.NUSCALE.06} (pentagon-class misalignment candidate),14237,14254,v1001_nu_pentagon_chain.py,d08015c7ace7,2026-08-29
tfpt_research_contracts,section,Research Contract --- \texttt{FLAV.NU.TEXTURE.MECHANISM.01} (both structural nulls as binding constraints),14255,14300,v1003_nu_structural_nulls.py;v1012_toe_gate_witnesses.py;v1024_parent_internal_boundaries.py,ddb5e56c4695,2026-09-05
tfpt_research_contracts,section,Research Contract --- \texttt{SEAM.MILNOR.LOCALRING.01} (canonical identification of the seam collar with the reduced Milnor algebra),14301,14379,v1004_milnor_frobenius_gray.py;v1005_relative_pencil_bridges.py;v1010_simplicity_bridge_census.py;v1014_bridge_refinements.py;v1015_axiom_core_closure.py,935e060a1f29,2026-08-31
tfpt_research_contracts,section,Research Contract --- \texttt{GRAV.WEINBERG.WITTEN.01} (Weinberg--Witten firewall before any spin-2 marker move),14380,14395,,bf648abfdd8b,2026-08-28
tfpt_research_contracts,section,"Externalization Contract --- \texttt{SEAM.EQUIV.01} (the seam scaling-limit theorem, packaged for external specialists)",14396,14557,v1016_state_gap_batteries.py;v125_glue_qsystem.py;v154_simple_current_theorem.py;v286_seam_equivalence_contract.py;v356_continuum_mmst_applicability.py;v366_mmst_seam_collar.py;v367_seam_s3_lattice.py;v368_seam_s3_inflow.py;v376_seam_s3_centralcharge.py;v377_seam_s3_e8character.py;v378_seam_s3_modular.py;v379_seam_s3_rp.py;v973_seam_route_narrowing.py;v994_mmst_criteria_battery.py,3ecacc2c41e2,2026-08-31
tfpt_research_contracts,section,"Externalization Contract --- \texttt{ALPHA.QUILLEN.EXACT.01} (the determinant-line variation theorem, packaged for external specialists)",14558,14781,v1014_bridge_refinements.py;v341_alpha_quillen.py;v367_seam_s3_lattice.py;v382_alpha_quillen_exact.py;v391_alpha_quillen_progress.py;v3_em_alpha.py;v433_alpha_quillen_heatkernel.py;v434_alpha_quillen_betafunction.py;v435_alpha_quillen_chernlevel.py;v470_alpha_inflow_level.py;v472_quillen_detline_moduli.py;v484_seam_contact_unit.py;v485_contact_diagonal_closed.py;v48_em_ward.py;v974_alpha_faces_computed.py;v985_quillen_channel_swap.py;v995_kms_subnet_rigidity.py;v996_gauge_grammar_kill.py,45121b0eb143,2026-09-07
tfpt_research_contracts,section,"Externalization Contract --- \texttt{PRIME.RESIDUE.EXTERNAL.01} (the prime-front terminal residue, packaged for external specialists)",14782,15053,v931_jetmass_floor_theorems.py;v932_toproot_theta_statement.py;v933_h3_cofinal_adjudication.py;v934_gonek_pricing_unconditional.py;v935_thetainf_landau_bridge.py;v936_manifold_invariance_exclusion.py;v937_l1wpd_closure_reduction.py;v938_dbn_heatflow_census.py;v939_cbj_frame_adjudication.py;v940_cbj_subdof_blockfloor.py;v941_alignment_law_factorization.py,a5f0da8d7c4a,2026-08-21
tfpt_research_contracts,section,Certifiability and recommended order,15054,15360,v183_koide_f_corner_transfer.py;v184_etaB_anchored_boltzmann.py;v185_axion_relic_solver.py;v187_ftransfer_laws.py;v213_ftransfer_functor.py;v303_ftransfer_dynamics.py;v425_dyn_transfer_universal.py;v566_parabolic_anchor_selfcode.py;v571_cr_discrete_corners.py;v575_cr_continuous_uniflow.py;v578_native_jets.py;v723_phys_modular_clock.py;v724_phys_t3b_modular_flows.py;v777_ftransfer_clock_jets.py;v792_ftransfer_kms_coset.py;v971_markov_embedding_generator.py,3a11d6ada125,2026-08-27
origin_theory,front,(front matter),1,84,,1806669dfa1e,2026-06-24
origin_theory,section,"The whole integer skeleton from one pair $(\gcar,\Nfam)=(5,3)$",85,533,v189_riemann_roch_carrier.py;v197_rr_carrier_clifford_d5.py;v216_marks_gauss_bonnet.py;v219_icosahedral_mckay.py;v222_cm_norm_duality.py;v223_coxeter_totative_clock.py;v228_rr_index_gate.py;v232_e8_kleinian_seam.py;v233_cp_triality_phase.py;v236_brieskorn_capstone.py;v299_hypergraph_0d_autonomous.py;v312_hypergraph_substrate.py;v313_golden_atoms_spectral.py;v314_rate_translation.py;v315_coxeter_coupling.py;v316_galois_readout.py;v317_galois_family.py;v318_arithmetic_capstone.py;v319_translation_clock.py;v320_galois_cp_relation.py;v322_cp_lock_sharpened.py;v324_hypergraph_fiber.py;v327_hypergraph_rewrite.py;v342_em_ward_heatkernel.py;v395_hypergraph_coupled.py;v396_phi0_icosahedral.py;v408_phi0_puncture_heatkernel.py;v416_atom_trichotomy.py;v418_cyclotomic_norm_triple.py;v419_seam_galois_carrier.py;v422_galois_net_bridge.py;v429_axion_pentagon_phi.py;v483_pillowcase_exact_traces.py;v484_seam_contact_unit.py;v485_contact_diagonal_closed.py;v486_transfer_full_rule.py;v487_transfer_clock_rungs.py;v491_p2_partition_corollary.py;v499_p2_weights_deligne_bg.py;v51_boundary_half_step.py;v53_compiler_core.py;v974_alpha_faces_computed.py;v985_quillen_channel_swap.py,1c7f572e7e45,2026-08-28
origin_theory,section,The ``$8$'' is triply forced: geometry $=$ lattice $=$ gravity,534,641,v101_horizon_anchor.py;v102_seam_orientation.py;v526_seam_thermal_kms_nariai_bridge.py;v54_seam_horizon_keystones.py,5d4220f72d42,2026-07-23
origin_theory,section,A cyclic element \emph{inside} the hull: the order-$30$ Coxeter rotation,642,668,v55_coxeter_cycle.py,c0f94313a091,2026-06-12
origin_theory,section,The unique attractor: a gapped transport selects ONE fixed point,669,983,v221_seam_qecc.py;v343_four_routes_analysis.py;v344_detk_synthesis.py;v345_hypergraph_homotopy.py;v346_seam_geometric_bridge.py;v347_seam_closure_modes.py;v348_seam_rigidity_route.py;v349_raw_seam_golden_test.py;v350_bootstrap_inputs_correction.py;v351_continuum_realisation_sharpened.py;v352_framework_irreducible.py;v383_dynamics_universal.py;v387_corrections_gap.py;v388_corrections_budget.py;v390_prime2_facet.py;v393_corrections_numeric.py;v394_coxeter_atoms.py;v403_facet_compositum.py;v404_e8_char_cm_duality.py;v405_seam_equiv_omega.py;v406_pmns_phase_origin.py;v407_dn_pairings_omega.py;v479_kronheimer_quiver_bridge.py;v56_unique_attractor.py;v976_seam_lift_birkhoff.py;v977_transfer_unistochastic_wilson.py;v984_markov_qca_dilation.py,60db7d748403,2026-08-28
origin_theory,section,"One $\ainv$ for electromagnetism, the cosmic horizon and $\Lambda$",984,1025,v3_em_alpha.py;v55_coxeter_cycle.py;v60_lambda_metrology_branch.py;v68_seeley_dewitt_residual.py,915ef1e6f23a,2026-06-12
origin_theory,section,Interpretation \mC: the self-reproducing cosmic cycle,1026,1100,v60_lambda_metrology_branch.py;v957_ccc_crossover_kinematics.py,02b8da97d605,2026-08-24
origin_theory,section,Falsifiers,1101,1165,v307_data_watchdog.py;v321_killtest_board.py;v465_seed_crosssector_joint.py;v60_lambda_metrology_branch.py;v62_data_scorecard.py,be1078773bd0,2026-07-01
origin_theory,section,The seam and the horizon: the precise statement,1166,1454,v150_replica_eh_model.py;v151_bfk_split.py;v152_norm_is_anchor.py;v36_spectral_action_g2.py;v471_seam_horizon_replica.py;v57_horizon_crosslinks.py;v58_seam_horizon_chain.py;v59_area_law_evidence.py;v61_cft_bridge.py;v67_area_law_coefficient.py;v68_seeley_dewitt_residual.py;v73_k_c3_half.py;v75_upoint_to_vgeo.py;v77_e8_conformal_net.py;v78_vgeo_floor.py;v90_conical_defect_chain.py,8e2d8c77681c,2026-07-02
origin_theory,section,"Consequences, and the whole story \mC",1455,1503,v957_ccc_crossover_kinematics.py,65a77da5cb6c,2026-08-24
origin_theory,section,A closure program (next phase) \mO,1504,1631,v15_bootstrap_classification.py;v340_As_reconcile.py;v59_area_law_evidence.py;v63_seam_engineering_index.py;v64_causal_boundary_nogo.py;v65_falsification_layer.py;v69_d4_q_geometry.py;v6_bootstrap.py;v86_nstar_reheating.py,a25346c2cec8,2026-07-02
origin_theory,section,Honest status,1632,1947,v1026_telb_round4_closure.py;v1030_alg2_sector_frame.py;v1031_quantum_tensor_curvature.py;v1032_covariant_curvature.py;v1033_charged_disorder.py;v1034_parent_mirror.py;v1035_matter_coupling.py;v105_residual_inventory.py;v110_calderon_sheet.py;v111_quadratic_transport.py;v112_selfcounting_channel.py;v113_quasifree_kernel.py;v123_inventory_update.py;v167_inventory_post_closure.py;v258_dirac_covariance_induction.py;v259_modular_cutoff_kappa.py;v260_k3_kummer_unification.py;v261_modular_spectral_closure.py;v323_bw_geometric_modular.py;v325_pillowcase_keystone.py;v326_ftransfer_suite.py;v329_os_gap_reduction.py;v330_qgamb_admissible_measure.py;v331_necessity_of_H.py;v332_qgamb_metric_sector.py;v333_cm_selection.py;v334_conformal_resolution.py;v335_seam_equiv_unify.py;v336_continuum_limit.py;v503_qgeo_emergence_light.py;v506_seam_clock_rigidity.py;v507_seam_bit_origin.py;v510_seam_bit_freedom.py;v53_compiler_core.py;v54_seam_horizon_keystones.py;v55_coxeter_cycle.py;v56_unique_attractor.py;v57_horizon_crosslinks.py,c274f6f39737,2026-09-05
origin_theory,section,Appendix: computational verification,1948,1969,v53_compiler_core.py;v54_seam_horizon_keystones.py;v55_coxeter_cycle.py;v56_unique_attractor.py,273bbb10f788,2026-06-25
tfpt_safeguards,front,(front matter),1,73,,7c6a50da61ec,2026-06-25
tfpt_safeguards,section,"The risk, and the shape of the answer",74,86,,d749f99f5758,2026-06-25
tfpt_safeguards,section,Layer 1 --- the status calculus (no \texttt{[C]} dressed as \texttt{[E]}),87,98,,df53469dca69,2026-06-25
tfpt_safeguards,section,"Layer 2 --- no free pattern, and the reverse audit",99,119,v100_numerology_null_mc.py;v305_witness_independence.py,decaff1d0dfe,2026-06-27
tfpt_safeguards,section,Layer 3 --- the over-determination map (multiply vs.\ compress),120,202,v427_overdet_witness_map.py;v428_overdet_reclass.py;v432_overdet_floor.py;v436_overdet_floor2.py;v974_alpha_faces_computed.py;v985_quillen_channel_swap.py,3085ab328da9,2026-08-28
tfpt_safeguards,section,Layer 4 --- the firewall and the No-Unit theorem,203,221,v153_no_unit_theorem.py;v187_ftransfer_laws.py;v188_frontier_wording_guard.py;v213_ftransfer_functor.py;v384_residual_certification.py;v425_dyn_transfer_universal.py,491326327cb7,2026-06-25
tfpt_safeguards,section,"Layer 5 --- frozen predictions, the null model, and the $\alpha$ uniqueness scan",222,258,v100_numerology_null_mc.py;v307_data_watchdog.py;v321_killtest_board.py;v375_observatory_registry.py;v84_frozen_registry.py,d9e049cae45b,2026-06-25
tfpt_safeguards,section,Layer 6 --- two independent reproduction paths,259,273,,b4b995b87585,2026-07-24
tfpt_safeguards,section,Layer 7 --- the red team,274,283,,0a2585467b1c,2026-06-25
tfpt_safeguards,section,What would still falsify TFPT,284,296,v424_seam_lto_rp_reduction.py;v426_seam_lto_rp_kms.py;v469_seam_crossedproduct_route.py,f3470de65947,2026-07-02
tfpt_safeguards,section,Summary --- the layered defense,297,317,,5e1d4ffe1f64,2026-06-28
note_e8_gaussian_code,front,(front matter),1,92,,b38c79220117,2026-09-02
note_e8_gaussian_code,section,The three objects,93,94,,dd6bd9bffb06,2026-08-05
note_e8_gaussian_code,subsection,The code and its equivariant placement,95,119,,21ff98a5295d,2026-08-05
note_e8_gaussian_code,subsection,The lattice,120,135,,a7ae5578c12c,2026-08-05
note_e8_gaussian_code,subsection,The complex structure and the clock,136,181,,a43deedecdac,2026-08-05
note_e8_gaussian_code,section,The four-bit quotient and the \texorpdfstring{$15\times16$}{15 x 16} census,182,272,,03852e60534c,2026-08-05
note_e8_gaussian_code,section,The information layer,273,372,,a00627104ddb,2026-08-05
note_e8_gaussian_code,section,Explicit character basis of the eight Coxeter channels and the \texorpdfstring{$C_2\times C_4$}{C2 x C4} audit,373,465,v1018_e8_directed_readout.py,b4368b10b305,2026-08-07
note_e8_gaussian_code,section,The quartic companion: \texorpdfstring{$G_{31}$}{G31} as the holomorphic \texorpdfstring{$\mu_4$}{mu4} shadow,466,478,,25e5ac2d0a85,2026-08-05
note_e8_gaussian_code,subsection,The degree bookkeeping,479,505,,08062da616b4,2026-08-05
note_e8_gaussian_code,subsection,The restriction theorem,506,582,,816b24619e04,2026-08-05
note_e8_gaussian_code,subsection,Must-fail controls,583,624,,18a42a88baf2,2026-08-05
note_e8_gaussian_code,section,Machine verification,625,626,,20f3a72493cc,2026-08-05
note_e8_gaussian_code,subsection,The two probes,627,666,,0be97a7d3d46,2026-08-07
note_e8_gaussian_code,subsection,The Lean layer,667,700,,b73a88b6f887,2026-08-05
note_e8_gaussian_code,section,Scope and outlook,701,768,,ba385bb45d13,2026-08-05
note_hilbert_polya_truncations,front,(front matter),1,98,,d15ad7c8487f,2026-08-05
note_hilbert_polya_truncations,section,Introduction and claim typing,99,158,,664c15c6b884,2026-08-05
note_hilbert_polya_truncations,section,The glued object,159,160,,031b33d8aaed,2026-08-05
note_hilbert_polya_truncations,subsection,Finite places: the \texorpdfstring{$\Z[i]$-$E_8$}{Z[i]-E8} commensurability tower,161,206,,126abcd4afe2,2026-08-05
note_hilbert_polya_truncations,subsection,The archimedean place: cover lift and the derived \texorpdfstring{$\tfrac14$}{1/4},207,249,,d8ec8e9e9812,2026-08-05
note_hilbert_polya_truncations,subsection,One normalization; \texorpdfstring{$E_8$}{E8} forced at the gluing,250,285,,480608cd0a37,2026-08-05
note_hilbert_polya_truncations,subsection,Windows and truncations,286,304,,a0bc7f51aa0f,2026-08-05
note_hilbert_polya_truncations,section,Measurements,305,306,,16a08ea3b3c4,2026-08-05
note_hilbert_polya_truncations,subsection,The Weil functional is a state on every truncation,307,358,,95b4afd301c1,2026-08-05
note_hilbert_polya_truncations,subsection,"Spectrum onto zeros, behind a prediction freeze",359,403,,3219be68c131,2026-08-05
note_hilbert_polya_truncations,subsection,The exact finite trace formula and the Weil dictionary,404,458,,85750e3bab03,2026-08-05
note_hilbert_polya_truncations,section,"The decomposition: classical, measured, and what remains",459,466,,88768b609a5a,2026-08-05
note_hilbert_polya_truncations,subsection,K2 is classical on \texorpdfstring{$s>\tfrac12$}{s>1/2}; the boundary is exactly the critical line,467,494,,bc59db9b73fd,2026-08-05
note_hilbert_polya_truncations,subsection,K3 collapses to measured tightness,495,516,,aa44245c1ee9,2026-08-05
note_hilbert_polya_truncations,subsection,K1: capture is proof-near; the super-resolution is atomicity,517,589,,e4a7d09ac1c5,2026-08-05
note_hilbert_polya_truncations,section,The wall in four equivalent languages,590,667,,0e6934cea286,2026-08-05
note_hilbert_polya_truncations,section,Position in the literature; documented negatives,668,737,,4dd2c2fa6536,2026-08-05
note_hilbert_polya_truncations,section,Verification and reproducibility,738,739,,5e5ddc613b56,2026-08-05
note_hilbert_polya_truncations,subsection,The module ledger,740,797,,623668304a1f,2026-08-05
note_hilbert_polya_truncations,subsection,Lean anchors,798,814,,407402390ae7,2026-08-05
note_hilbert_polya_truncations,subsection,Reproducibility,815,825,,fcf2e578b35c,2026-08-05
note_hilbert_polya_truncations,section,Conclusion,826,956,v1021_all_place_tate_rank_audit.py,4671521aeff2,2026-09-05
