Kanal,Spinpaar,Farbmatching,Fermion_i,Fermion_j,Vorzeichen,Normierung
0,0,0,0,61,1,1/sqrt(32)
0,0,0,1,60,-1,1/sqrt(32)
0,0,0,2,63,1,1/sqrt(32)
0,0,0,3,62,-1,1/sqrt(32)
0,0,0,4,57,-1,1/sqrt(32)
0,0,0,5,56,1,1/sqrt(32)
0,0,0,6,59,-1,1/sqrt(32)
0,0,0,7,58,1,1/sqrt(32)
0,0,0,8,53,1,1/sqrt(32)
0,0,0,9,52,-1,1/sqrt(32)
0,0,0,10,55,1,1/sqrt(32)
0,0,0,11,54,-1,1/sqrt(32)
0,0,0,12,49,-1,1/sqrt(32)
0,0,0,13,48,1,1/sqrt(32)
0,0,0,14,51,-1,1/sqrt(32)
0,0,0,15,50,1,1/sqrt(32)
0,0,0,16,45,-1,1/sqrt(32)
0,0,0,17,44,1,1/sqrt(32)
0,0,0,18,47,-1,1/sqrt(32)
0,0,0,19,46,1,1/sqrt(32)
0,0,0,20,41,1,1/sqrt(32)
0,0,0,21,40,-1,1/sqrt(32)
0,0,0,22,43,1,1/sqrt(32)
0,0,0,23,42,-1,1/sqrt(32)
0,0,0,24,37,-1,1/sqrt(32)
0,0,0,25,36,1,1/sqrt(32)
0,0,0,26,39,-1,1/sqrt(32)
0,0,0,27,38,1,1/sqrt(32)
0,0,0,28,33,1,1/sqrt(32)
0,0,0,29,32,-1,1/sqrt(32)
0,0,0,30,35,1,1/sqrt(32)
0,0,0,31,34,-1,1/sqrt(32)
1,0,1,0,62,1,1/sqrt(32)
1,0,1,1,63,1,1/sqrt(32)
1,0,1,2,60,-1,1/sqrt(32)
1,0,1,3,61,-1,1/sqrt(32)
1,0,1,4,58,-1,1/sqrt(32)
1,0,1,5,59,-1,1/sqrt(32)
1,0,1,6,56,1,1/sqrt(32)
1,0,1,7,57,1,1/sqrt(32)
1,0,1,8,54,1,1/sqrt(32)
1,0,1,9,55,1,1/sqrt(32)
1,0,1,10,52,-1,1/sqrt(32)
1,0,1,11,53,-1,1/sqrt(32)
1,0,1,12,50,-1,1/sqrt(32)
1,0,1,13,51,-1,1/sqrt(32)
1,0,1,14,48,1,1/sqrt(32)
1,0,1,15,49,1,1/sqrt(32)
1,0,1,16,46,-1,1/sqrt(32)
1,0,1,17,47,-1,1/sqrt(32)
1,0,1,18,44,1,1/sqrt(32)
1,0,1,19,45,1,1/sqrt(32)
1,0,1,20,42,1,1/sqrt(32)
1,0,1,21,43,1,1/sqrt(32)
1,0,1,22,40,-1,1/sqrt(32)
1,0,1,23,41,-1,1/sqrt(32)
1,0,1,24,38,-1,1/sqrt(32)
1,0,1,25,39,-1,1/sqrt(32)
1,0,1,26,36,1,1/sqrt(32)
1,0,1,27,37,1,1/sqrt(32)
1,0,1,28,34,1,1/sqrt(32)
1,0,1,29,35,1,1/sqrt(32)
1,0,1,30,32,-1,1/sqrt(32)
1,0,1,31,33,-1,1/sqrt(32)
2,0,2,0,63,1,1/sqrt(32)
2,0,2,1,62,1,1/sqrt(32)
2,0,2,2,61,-1,1/sqrt(32)
2,0,2,3,60,-1,1/sqrt(32)
2,0,2,4,59,-1,1/sqrt(32)
2,0,2,5,58,-1,1/sqrt(32)
2,0,2,6,57,1,1/sqrt(32)
2,0,2,7,56,1,1/sqrt(32)
2,0,2,8,55,1,1/sqrt(32)
2,0,2,9,54,1,1/sqrt(32)
2,0,2,10,53,-1,1/sqrt(32)
2,0,2,11,52,-1,1/sqrt(32)
2,0,2,12,51,-1,1/sqrt(32)
2,0,2,13,50,-1,1/sqrt(32)
2,0,2,14,49,1,1/sqrt(32)
2,0,2,15,48,1,1/sqrt(32)
2,0,2,16,47,-1,1/sqrt(32)
2,0,2,17,46,-1,1/sqrt(32)
2,0,2,18,45,1,1/sqrt(32)
2,0,2,19,44,1,1/sqrt(32)
2,0,2,20,43,1,1/sqrt(32)
2,0,2,21,42,1,1/sqrt(32)
2,0,2,22,41,-1,1/sqrt(32)
2,0,2,23,40,-1,1/sqrt(32)
2,0,2,24,39,-1,1/sqrt(32)
2,0,2,25,38,-1,1/sqrt(32)
2,0,2,26,37,1,1/sqrt(32)
2,0,2,27,36,1,1/sqrt(32)
2,0,2,28,35,1,1/sqrt(32)
2,0,2,29,34,1,1/sqrt(32)
2,0,2,30,33,-1,1/sqrt(32)
2,0,2,31,32,-1,1/sqrt(32)
3,1,0,0,57,-1,1/sqrt(32)
3,1,0,1,56,1,1/sqrt(32)
3,1,0,2,59,-1,1/sqrt(32)
3,1,0,3,58,1,1/sqrt(32)
3,1,0,4,61,-1,1/sqrt(32)
3,1,0,5,60,1,1/sqrt(32)
3,1,0,6,63,-1,1/sqrt(32)
3,1,0,7,62,1,1/sqrt(32)
3,1,0,8,49,1,1/sqrt(32)
3,1,0,9,48,-1,1/sqrt(32)
3,1,0,10,51,1,1/sqrt(32)
3,1,0,11,50,-1,1/sqrt(32)
3,1,0,12,53,1,1/sqrt(32)
3,1,0,13,52,-1,1/sqrt(32)
3,1,0,14,55,1,1/sqrt(32)
3,1,0,15,54,-1,1/sqrt(32)
3,1,0,16,41,-1,1/sqrt(32)
3,1,0,17,40,1,1/sqrt(32)
3,1,0,18,43,-1,1/sqrt(32)
3,1,0,19,42,1,1/sqrt(32)
3,1,0,20,45,-1,1/sqrt(32)
3,1,0,21,44,1,1/sqrt(32)
3,1,0,22,47,-1,1/sqrt(32)
3,1,0,23,46,1,1/sqrt(32)
3,1,0,24,33,1,1/sqrt(32)
3,1,0,25,32,-1,1/sqrt(32)
3,1,0,26,35,1,1/sqrt(32)
3,1,0,27,34,-1,1/sqrt(32)
3,1,0,28,37,1,1/sqrt(32)
3,1,0,29,36,-1,1/sqrt(32)
3,1,0,30,39,1,1/sqrt(32)
3,1,0,31,38,-1,1/sqrt(32)
4,1,1,0,58,-1,1/sqrt(32)
4,1,1,1,59,-1,1/sqrt(32)
4,1,1,2,56,1,1/sqrt(32)
4,1,1,3,57,1,1/sqrt(32)
4,1,1,4,62,-1,1/sqrt(32)
4,1,1,5,63,-1,1/sqrt(32)
4,1,1,6,60,1,1/sqrt(32)
4,1,1,7,61,1,1/sqrt(32)
4,1,1,8,50,1,1/sqrt(32)
4,1,1,9,51,1,1/sqrt(32)
4,1,1,10,48,-1,1/sqrt(32)
4,1,1,11,49,-1,1/sqrt(32)
4,1,1,12,54,1,1/sqrt(32)
4,1,1,13,55,1,1/sqrt(32)
4,1,1,14,52,-1,1/sqrt(32)
4,1,1,15,53,-1,1/sqrt(32)
4,1,1,16,42,-1,1/sqrt(32)
4,1,1,17,43,-1,1/sqrt(32)
4,1,1,18,40,1,1/sqrt(32)
4,1,1,19,41,1,1/sqrt(32)
4,1,1,20,46,-1,1/sqrt(32)
4,1,1,21,47,-1,1/sqrt(32)
4,1,1,22,44,1,1/sqrt(32)
4,1,1,23,45,1,1/sqrt(32)
4,1,1,24,34,1,1/sqrt(32)
4,1,1,25,35,1,1/sqrt(32)
4,1,1,26,32,-1,1/sqrt(32)
4,1,1,27,33,-1,1/sqrt(32)
4,1,1,28,38,1,1/sqrt(32)
4,1,1,29,39,1,1/sqrt(32)
4,1,1,30,36,-1,1/sqrt(32)
4,1,1,31,37,-1,1/sqrt(32)
5,1,2,0,59,-1,1/sqrt(32)
5,1,2,1,58,-1,1/sqrt(32)
5,1,2,2,57,1,1/sqrt(32)
5,1,2,3,56,1,1/sqrt(32)
5,1,2,4,63,-1,1/sqrt(32)
5,1,2,5,62,-1,1/sqrt(32)
5,1,2,6,61,1,1/sqrt(32)
5,1,2,7,60,1,1/sqrt(32)
5,1,2,8,51,1,1/sqrt(32)
5,1,2,9,50,1,1/sqrt(32)
5,1,2,10,49,-1,1/sqrt(32)
5,1,2,11,48,-1,1/sqrt(32)
5,1,2,12,55,1,1/sqrt(32)
5,1,2,13,54,1,1/sqrt(32)
5,1,2,14,53,-1,1/sqrt(32)
5,1,2,15,52,-1,1/sqrt(32)
5,1,2,16,43,-1,1/sqrt(32)
5,1,2,17,42,-1,1/sqrt(32)
5,1,2,18,41,1,1/sqrt(32)
5,1,2,19,40,1,1/sqrt(32)
5,1,2,20,47,-1,1/sqrt(32)
5,1,2,21,46,-1,1/sqrt(32)
5,1,2,22,45,1,1/sqrt(32)
5,1,2,23,44,1,1/sqrt(32)
5,1,2,24,35,1,1/sqrt(32)
5,1,2,25,34,1,1/sqrt(32)
5,1,2,26,33,-1,1/sqrt(32)
5,1,2,27,32,-1,1/sqrt(32)
5,1,2,28,39,1,1/sqrt(32)
5,1,2,29,38,1,1/sqrt(32)
5,1,2,30,37,-1,1/sqrt(32)
5,1,2,31,36,-1,1/sqrt(32)
6,2,0,0,53,1,1/sqrt(32)
6,2,0,1,52,-1,1/sqrt(32)
6,2,0,2,55,1,1/sqrt(32)
6,2,0,3,54,-1,1/sqrt(32)
6,2,0,4,49,-1,1/sqrt(32)
6,2,0,5,48,1,1/sqrt(32)
6,2,0,6,51,-1,1/sqrt(32)
6,2,0,7,50,1,1/sqrt(32)
6,2,0,8,61,-1,1/sqrt(32)
6,2,0,9,60,1,1/sqrt(32)
6,2,0,10,63,-1,1/sqrt(32)
6,2,0,11,62,1,1/sqrt(32)
6,2,0,12,57,1,1/sqrt(32)
6,2,0,13,56,-1,1/sqrt(32)
6,2,0,14,59,1,1/sqrt(32)
6,2,0,15,58,-1,1/sqrt(32)
6,2,0,16,37,1,1/sqrt(32)
6,2,0,17,36,-1,1/sqrt(32)
6,2,0,18,39,1,1/sqrt(32)
6,2,0,19,38,-1,1/sqrt(32)
6,2,0,20,33,-1,1/sqrt(32)
6,2,0,21,32,1,1/sqrt(32)
6,2,0,22,35,-1,1/sqrt(32)
6,2,0,23,34,1,1/sqrt(32)
6,2,0,24,45,-1,1/sqrt(32)
6,2,0,25,44,1,1/sqrt(32)
6,2,0,26,47,-1,1/sqrt(32)
6,2,0,27,46,1,1/sqrt(32)
6,2,0,28,41,1,1/sqrt(32)
6,2,0,29,40,-1,1/sqrt(32)
6,2,0,30,43,1,1/sqrt(32)
6,2,0,31,42,-1,1/sqrt(32)
7,2,1,0,54,1,1/sqrt(32)
7,2,1,1,55,1,1/sqrt(32)
7,2,1,2,52,-1,1/sqrt(32)
7,2,1,3,53,-1,1/sqrt(32)
7,2,1,4,50,-1,1/sqrt(32)
7,2,1,5,51,-1,1/sqrt(32)
7,2,1,6,48,1,1/sqrt(32)
7,2,1,7,49,1,1/sqrt(32)
7,2,1,8,62,-1,1/sqrt(32)
7,2,1,9,63,-1,1/sqrt(32)
7,2,1,10,60,1,1/sqrt(32)
7,2,1,11,61,1,1/sqrt(32)
7,2,1,12,58,1,1/sqrt(32)
7,2,1,13,59,1,1/sqrt(32)
7,2,1,14,56,-1,1/sqrt(32)
7,2,1,15,57,-1,1/sqrt(32)
7,2,1,16,38,1,1/sqrt(32)
7,2,1,17,39,1,1/sqrt(32)
7,2,1,18,36,-1,1/sqrt(32)
7,2,1,19,37,-1,1/sqrt(32)
7,2,1,20,34,-1,1/sqrt(32)
7,2,1,21,35,-1,1/sqrt(32)
7,2,1,22,32,1,1/sqrt(32)
7,2,1,23,33,1,1/sqrt(32)
7,2,1,24,46,-1,1/sqrt(32)
7,2,1,25,47,-1,1/sqrt(32)
7,2,1,26,44,1,1/sqrt(32)
7,2,1,27,45,1,1/sqrt(32)
7,2,1,28,42,1,1/sqrt(32)
7,2,1,29,43,1,1/sqrt(32)
7,2,1,30,40,-1,1/sqrt(32)
7,2,1,31,41,-1,1/sqrt(32)
8,2,2,0,55,1,1/sqrt(32)
8,2,2,1,54,1,1/sqrt(32)
8,2,2,2,53,-1,1/sqrt(32)
8,2,2,3,52,-1,1/sqrt(32)
8,2,2,4,51,-1,1/sqrt(32)
8,2,2,5,50,-1,1/sqrt(32)
8,2,2,6,49,1,1/sqrt(32)
8,2,2,7,48,1,1/sqrt(32)
8,2,2,8,63,-1,1/sqrt(32)
8,2,2,9,62,-1,1/sqrt(32)
8,2,2,10,61,1,1/sqrt(32)
8,2,2,11,60,1,1/sqrt(32)
8,2,2,12,59,1,1/sqrt(32)
8,2,2,13,58,1,1/sqrt(32)
8,2,2,14,57,-1,1/sqrt(32)
8,2,2,15,56,-1,1/sqrt(32)
8,2,2,16,39,1,1/sqrt(32)
8,2,2,17,38,1,1/sqrt(32)
8,2,2,18,37,-1,1/sqrt(32)
8,2,2,19,36,-1,1/sqrt(32)
8,2,2,20,35,-1,1/sqrt(32)
8,2,2,21,34,-1,1/sqrt(32)
8,2,2,22,33,1,1/sqrt(32)
8,2,2,23,32,1,1/sqrt(32)
8,2,2,24,47,-1,1/sqrt(32)
8,2,2,25,46,-1,1/sqrt(32)
8,2,2,26,45,1,1/sqrt(32)
8,2,2,27,44,1,1/sqrt(32)
8,2,2,28,43,1,1/sqrt(32)
8,2,2,29,42,1,1/sqrt(32)
8,2,2,30,41,-1,1/sqrt(32)
8,2,2,31,40,-1,1/sqrt(32)
9,3,0,0,45,-1,1/sqrt(32)
9,3,0,1,44,1,1/sqrt(32)
9,3,0,2,47,-1,1/sqrt(32)
9,3,0,3,46,1,1/sqrt(32)
9,3,0,4,41,1,1/sqrt(32)
9,3,0,5,40,-1,1/sqrt(32)
9,3,0,6,43,1,1/sqrt(32)
9,3,0,7,42,-1,1/sqrt(32)
9,3,0,8,37,-1,1/sqrt(32)
9,3,0,9,36,1,1/sqrt(32)
9,3,0,10,39,-1,1/sqrt(32)
9,3,0,11,38,1,1/sqrt(32)
9,3,0,12,33,1,1/sqrt(32)
9,3,0,13,32,-1,1/sqrt(32)
9,3,0,14,35,1,1/sqrt(32)
9,3,0,15,34,-1,1/sqrt(32)
9,3,0,16,61,-1,1/sqrt(32)
9,3,0,17,60,1,1/sqrt(32)
9,3,0,18,63,-1,1/sqrt(32)
9,3,0,19,62,1,1/sqrt(32)
9,3,0,20,57,1,1/sqrt(32)
9,3,0,21,56,-1,1/sqrt(32)
9,3,0,22,59,1,1/sqrt(32)
9,3,0,23,58,-1,1/sqrt(32)
9,3,0,24,53,-1,1/sqrt(32)
9,3,0,25,52,1,1/sqrt(32)
9,3,0,26,55,-1,1/sqrt(32)
9,3,0,27,54,1,1/sqrt(32)
9,3,0,28,49,1,1/sqrt(32)
9,3,0,29,48,-1,1/sqrt(32)
9,3,0,30,51,1,1/sqrt(32)
9,3,0,31,50,-1,1/sqrt(32)
10,3,1,0,46,-1,1/sqrt(32)
10,3,1,1,47,-1,1/sqrt(32)
10,3,1,2,44,1,1/sqrt(32)
10,3,1,3,45,1,1/sqrt(32)
10,3,1,4,42,1,1/sqrt(32)
10,3,1,5,43,1,1/sqrt(32)
10,3,1,6,40,-1,1/sqrt(32)
10,3,1,7,41,-1,1/sqrt(32)
10,3,1,8,38,-1,1/sqrt(32)
10,3,1,9,39,-1,1/sqrt(32)
10,3,1,10,36,1,1/sqrt(32)
10,3,1,11,37,1,1/sqrt(32)
10,3,1,12,34,1,1/sqrt(32)
10,3,1,13,35,1,1/sqrt(32)
10,3,1,14,32,-1,1/sqrt(32)
10,3,1,15,33,-1,1/sqrt(32)
10,3,1,16,62,-1,1/sqrt(32)
10,3,1,17,63,-1,1/sqrt(32)
10,3,1,18,60,1,1/sqrt(32)
10,3,1,19,61,1,1/sqrt(32)
10,3,1,20,58,1,1/sqrt(32)
10,3,1,21,59,1,1/sqrt(32)
10,3,1,22,56,-1,1/sqrt(32)
10,3,1,23,57,-1,1/sqrt(32)
10,3,1,24,54,-1,1/sqrt(32)
10,3,1,25,55,-1,1/sqrt(32)
10,3,1,26,52,1,1/sqrt(32)
10,3,1,27,53,1,1/sqrt(32)
10,3,1,28,50,1,1/sqrt(32)
10,3,1,29,51,1,1/sqrt(32)
10,3,1,30,48,-1,1/sqrt(32)
10,3,1,31,49,-1,1/sqrt(32)
11,3,2,0,47,-1,1/sqrt(32)
11,3,2,1,46,-1,1/sqrt(32)
11,3,2,2,45,1,1/sqrt(32)
11,3,2,3,44,1,1/sqrt(32)
11,3,2,4,43,1,1/sqrt(32)
11,3,2,5,42,1,1/sqrt(32)
11,3,2,6,41,-1,1/sqrt(32)
11,3,2,7,40,-1,1/sqrt(32)
11,3,2,8,39,-1,1/sqrt(32)
11,3,2,9,38,-1,1/sqrt(32)
11,3,2,10,37,1,1/sqrt(32)
11,3,2,11,36,1,1/sqrt(32)
11,3,2,12,35,1,1/sqrt(32)
11,3,2,13,34,1,1/sqrt(32)
11,3,2,14,33,-1,1/sqrt(32)
11,3,2,15,32,-1,1/sqrt(32)
11,3,2,16,63,-1,1/sqrt(32)
11,3,2,17,62,-1,1/sqrt(32)
11,3,2,18,61,1,1/sqrt(32)
11,3,2,19,60,1,1/sqrt(32)
11,3,2,20,59,1,1/sqrt(32)
11,3,2,21,58,1,1/sqrt(32)
11,3,2,22,57,-1,1/sqrt(32)
11,3,2,23,56,-1,1/sqrt(32)
11,3,2,24,55,-1,1/sqrt(32)
11,3,2,25,54,-1,1/sqrt(32)
11,3,2,26,53,1,1/sqrt(32)
11,3,2,27,52,1,1/sqrt(32)
11,3,2,28,51,1,1/sqrt(32)
11,3,2,29,50,1,1/sqrt(32)
11,3,2,30,49,-1,1/sqrt(32)
11,3,2,31,48,-1,1/sqrt(32)
12,4,0,0,29,1,1/sqrt(32)
12,4,0,1,28,-1,1/sqrt(32)
12,4,0,2,31,1,1/sqrt(32)
12,4,0,3,30,-1,1/sqrt(32)
12,4,0,4,25,-1,1/sqrt(32)
12,4,0,5,24,1,1/sqrt(32)
12,4,0,6,27,-1,1/sqrt(32)
12,4,0,7,26,1,1/sqrt(32)
12,4,0,8,21,1,1/sqrt(32)
12,4,0,9,20,-1,1/sqrt(32)
12,4,0,10,23,1,1/sqrt(32)
12,4,0,11,22,-1,1/sqrt(32)
12,4,0,12,17,-1,1/sqrt(32)
12,4,0,13,16,1,1/sqrt(32)
12,4,0,14,19,-1,1/sqrt(32)
12,4,0,15,18,1,1/sqrt(32)
12,4,0,32,61,-1,1/sqrt(32)
12,4,0,33,60,1,1/sqrt(32)
12,4,0,34,63,-1,1/sqrt(32)
12,4,0,35,62,1,1/sqrt(32)
12,4,0,36,57,1,1/sqrt(32)
12,4,0,37,56,-1,1/sqrt(32)
12,4,0,38,59,1,1/sqrt(32)
12,4,0,39,58,-1,1/sqrt(32)
12,4,0,40,53,-1,1/sqrt(32)
12,4,0,41,52,1,1/sqrt(32)
12,4,0,42,55,-1,1/sqrt(32)
12,4,0,43,54,1,1/sqrt(32)
12,4,0,44,49,1,1/sqrt(32)
12,4,0,45,48,-1,1/sqrt(32)
12,4,0,46,51,1,1/sqrt(32)
12,4,0,47,50,-1,1/sqrt(32)
13,4,1,0,30,1,1/sqrt(32)
13,4,1,1,31,1,1/sqrt(32)
13,4,1,2,28,-1,1/sqrt(32)
13,4,1,3,29,-1,1/sqrt(32)
13,4,1,4,26,-1,1/sqrt(32)
13,4,1,5,27,-1,1/sqrt(32)
13,4,1,6,24,1,1/sqrt(32)
13,4,1,7,25,1,1/sqrt(32)
13,4,1,8,22,1,1/sqrt(32)
13,4,1,9,23,1,1/sqrt(32)
13,4,1,10,20,-1,1/sqrt(32)
13,4,1,11,21,-1,1/sqrt(32)
13,4,1,12,18,-1,1/sqrt(32)
13,4,1,13,19,-1,1/sqrt(32)
13,4,1,14,16,1,1/sqrt(32)
13,4,1,15,17,1,1/sqrt(32)
13,4,1,32,62,-1,1/sqrt(32)
13,4,1,33,63,-1,1/sqrt(32)
13,4,1,34,60,1,1/sqrt(32)
13,4,1,35,61,1,1/sqrt(32)
13,4,1,36,58,1,1/sqrt(32)
13,4,1,37,59,1,1/sqrt(32)
13,4,1,38,56,-1,1/sqrt(32)
13,4,1,39,57,-1,1/sqrt(32)
13,4,1,40,54,-1,1/sqrt(32)
13,4,1,41,55,-1,1/sqrt(32)
13,4,1,42,52,1,1/sqrt(32)
13,4,1,43,53,1,1/sqrt(32)
13,4,1,44,50,1,1/sqrt(32)
13,4,1,45,51,1,1/sqrt(32)
13,4,1,46,48,-1,1/sqrt(32)
13,4,1,47,49,-1,1/sqrt(32)
14,4,2,0,31,1,1/sqrt(32)
14,4,2,1,30,1,1/sqrt(32)
14,4,2,2,29,-1,1/sqrt(32)
14,4,2,3,28,-1,1/sqrt(32)
14,4,2,4,27,-1,1/sqrt(32)
14,4,2,5,26,-1,1/sqrt(32)
14,4,2,6,25,1,1/sqrt(32)
14,4,2,7,24,1,1/sqrt(32)
14,4,2,8,23,1,1/sqrt(32)
14,4,2,9,22,1,1/sqrt(32)
14,4,2,10,21,-1,1/sqrt(32)
14,4,2,11,20,-1,1/sqrt(32)
14,4,2,12,19,-1,1/sqrt(32)
14,4,2,13,18,-1,1/sqrt(32)
14,4,2,14,17,1,1/sqrt(32)
14,4,2,15,16,1,1/sqrt(32)
14,4,2,32,63,-1,1/sqrt(32)
14,4,2,33,62,-1,1/sqrt(32)
14,4,2,34,61,1,1/sqrt(32)
14,4,2,35,60,1,1/sqrt(32)
14,4,2,36,59,1,1/sqrt(32)
14,4,2,37,58,1,1/sqrt(32)
14,4,2,38,57,-1,1/sqrt(32)
14,4,2,39,56,-1,1/sqrt(32)
14,4,2,40,55,-1,1/sqrt(32)
14,4,2,41,54,-1,1/sqrt(32)
14,4,2,42,53,1,1/sqrt(32)
14,4,2,43,52,1,1/sqrt(32)
14,4,2,44,51,1,1/sqrt(32)
14,4,2,45,50,1,1/sqrt(32)
14,4,2,46,49,-1,1/sqrt(32)
14,4,2,47,48,-1,1/sqrt(32)
