# FTRANSFER.CLOCKS.01 frozen data interface (a): g_*rho(T), g_*s(T)
# Source (named in the preregistration): K. Saikawa & S. Shirai,
#   'Primordial gravitational waves, precisely: the role of thermodynamics
#   in the Standard Model', JCAP 05 (2018) 035, arXiv:1803.01038,
#   Appendix A tabulated data, file standardmodel2018.dat,
#   https://member.ipmu.jp/satoshi.shirai/EOS2018 (retrieved 2026-08-05).
# Full source file sha256: 268a51b869198b13aef052185323e0b0015f78f4a0902f19a79e71d1017dfaad
# Curation rule (deterministic): data rows subsampled every 20th row of the
#   10000-row log(T)-spaced source table, plus the final row (501 rows).
#   Values are copied verbatim (no reformatting, no interpolation).
# Columns: T_GeV,gstar_rho,gstar_rho_err,gstar_s,gstar_s_err
1.9952623e-06,3.3830836,0.0033830836,3.9309363,0.0039309363
2.2151456e-06,3.3830836,0.0033830836,3.9309363,0.0039309363
2.4592605e-06,3.3830836,0.0033830836,3.9309363,0.0039309363
2.7302776e-06,3.3830836,0.0033830836,3.9309363,0.0039309363
3.0311615e-06,3.3830836,0.0033830836,3.9309363,0.0039309363
3.3652036e-06,3.3830836,0.0033830836,3.9309363,0.0039309363
3.7360581e-06,3.3830836,0.0033830836,3.9309363,0.0039309363
4.1477817e-06,3.3830836,0.0033830836,3.9309363,0.0039309363
4.6048783e-06,3.3830836,0.0033830836,3.9309363,0.0039309363
5.1123483e-06,3.3830836,0.0033830836,3.9309363,0.0039309363
5.6757427e-06,3.3830836,0.0033830836,3.9309363,0.0039309363
6.3012248e-06,3.3830836,0.0033830836,3.9309363,0.0039309363
6.9956366e-06,3.3830836,0.0033830836,3.9309363,0.0039309363
7.7665745e-06,3.3830836,0.0033830836,3.9309363,0.0039309363
8.6224718e-06,3.3830836,0.0033830836,3.9309363,0.0039309363
9.5726912e-06,3.3830836,0.0033830836,3.9309363,0.0039309363
1.0627627e-05,3.3830836,0.0033830836,3.9309363,0.0039309363
1.179882e-05,3.3830836,0.0033830836,3.9309363,0.0039309363
1.3099082e-05,3.3830836,0.0033830836,3.9309363,0.0039309363
1.4542636e-05,3.3830836,0.0033830836,3.9309363,0.0039309363
1.6145273e-05,3.3830836,0.0033830836,3.9309363,0.0039309363
1.7924526e-05,3.3830836,0.0033830836,3.9309363,0.0039309363
1.9899856e-05,3.3830836,0.0033830836,3.9309363,0.0039309363
2.2092874e-05,3.3830839,0.0033830839,3.9309366,0.0039309366
2.4527568e-05,3.3830863,0.0033830863,3.9309387,0.0039309387
2.7230571e-05,3.3831006,0.0033831006,3.9309516,0.0039309516
3.0231453e-05,3.38317,0.00338317,3.931014,0.003931014
3.356304e-05,3.3834486,0.0033834486,3.9312652,0.0039312652
3.7261777e-05,3.3843914,0.0033843914,3.9321185,0.0039321185
4.1368125e-05,3.3871278,0.0033871278,3.9346043,0.0039346043
4.5927003e-05,3.3940421,0.0033940421,3.9409108,0.0039409108
5.0988281e-05,3.4094649,0.0034094649,3.9550359,0.0039550359
5.6607326e-05,3.4402157,0.0034402157,3.9833161,0.0039833161
6.2845605e-05,3.4956558,0.0034956558,4.0344991,0.0040344991
6.9771359e-05,3.5869846,0.0035869846,4.1190905,0.0041190905
7.746035e-05,3.7257647,0.0037257647,4.2479333,0.0042479333
8.5996688e-05,3.9219584,0.0039219584,4.4302841,0.0044302841
9.5473753e-05,4.1819504,0.0041819504,4.6718816,0.0046718816
0.00010599522,4.5070559,0.0045070559,4.9735386,0.0049735386
0.00011767617,4.8928686,0.0048928686,5.3306311,0.0053306311
0.0001306444,5.3295851,0.0053295851,5.7335805,0.0057335805
0.00014504176,5.8032049,0.0058032049,6.1691516,0.0061691516
0.00016102576,6.297314,0.006297314,6.6222113,0.0066222113
0.00017877122,6.7950584,0.0067950584,7.077545,0.007077545
0.00019847229,7.2809237,0.0072809237,7.5213936,0.0075213936
0.00022034447,7.7420431,0.0077420431,7.9425098,0.0079425098
0.00024462702,8.1689104,0.0081689104,8.3326758,0.0083326758
0.00027158557,8.5555233,0.0085555233,8.6867436,0.0086867436
0.00030151503,8.8990856,0.0088990856,9.0023263,0.0090023263
0.00033474279,9.1994388,0.0091994388,9.2792878,0.0092792878
0.00037163234,9.4583845,0.0094583845,9.519163,0.009519163
0.00041258722,9.6790236,0.0096790236,9.7246012,0.0097246012
0.00045805544,9.8651873,0.0098651873,9.8988907,0.0098988907
0.00050853438,10.020992,0.010020992,10.045587,0.010045587
0.00056457623,10.150524,0.010150524,10.168246,0.010168246
0.00062679404,10.257633,0.010257633,10.270245,0.010270245
0.00069586842,10.345814,0.010345814,10.35468,0.01035468
0.00077255498,10.418161,0.010418161,10.424315,0.010424315
0.00085769261,10.477352,0.010477352,10.481566,0.010481566
0.00095221263,10.525675,0.010525675,10.528519,0.010528519
0.001057149,10.565059,0.010565059,10.566946,0.010566946
0.0011736497,10.597115,0.010597115,10.598342,0.010598342
0.001302989,10.623181,0.010623181,10.623958,0.010623958
0.0014465819,10.64436,0.01064436,10.644836,0.010644836
0.0016059991,10.661559,0.010661559,10.661835,0.010661835
0.0017829845,10.675519,0.010675519,10.675666,0.010675666
0.0019794741,10.686847,0.010686847,10.686913,0.010686913
0.0021976175,10.696037,0.010696037,10.696054,0.010696054
0.0024398008,10.703492,0.010703492,10.70348,0.01070348
0.0027086734,10.709538,0.010709538,10.709512,0.010709512
0.0030071764,10.714442,0.010714442,10.714409,0.010714409
0.0033385753,10.718419,0.010718419,10.718384,0.010718384
0.0037064953,10.721644,0.010721644,10.721611,0.010721611
0.004114961,10.724259,0.010724259,10.724229,0.010724229
0.0045684407,10.726381,0.010726381,10.726354,0.010726354
0.0050718951,10.728102,0.010728102,10.728079,0.010728079
0.0056308315,10.729505,0.010729505,10.729484,0.010729484
0.0062513642,10.730678,0.010730678,10.730651,0.010730651
0.0069402812,10.73176,0.01073176,10.731702,0.010731702
0.0077051188,10.733065,0.010733065,10.732898,0.010732898
0.0085542435,10.735312,0.010735312,10.734827,0.010734827
0.009496944,10.74001,0.01074001,10.738731,0.010738731
0.010543533,10.751217,0.011098057,10.747909,0.011014074
0.011705458,10.770815,0.011890762,10.76413,0.011653681
0.012995431,10.806919,0.013801324,10.794189,0.013212388
0.014427562,10.868036,0.017809715,10.845496,0.016506206
0.016017518,10.963624,0.025401662,10.92649,0.022800927
0.017782692,11.102787,0.038462943,11.045604,0.033737155
0.019742392,11.292813,0.059012859,11.210064,0.051118687
0.021918056,11.537421,0.088881017,11.424288,0.07665458
0.024333485,11.835984,0.12951147,11.689123,0.11182036
0.0270151,12.182957,0.18134181,12.001112,0.15725795
0.029992236,12.568909,0.24392569,12.353211,0.21288038
0.033297461,12.981494,0.31577259,12.735405,0.27765142
0.03696693,13.4075,0.3950395,13.136388,0.35018616
0.041040785,13.834578,0.47943743,13.544992,0.42855803
0.04556359,14.25324,0.5673402,13.951997,0.5113109
0.050584819,14.658133,0.65813806,14.351318,0.59773629
0.056159402,15.049474,0.75264448,14.741458,0.68823358
0.062348318,15.433838,0.85385113,15.126376,0.78504076
0.069219269,15.825218,0.96760702,15.516565,0.89287208
0.076847418,16.246809,1.1032192,15.930671,1.0194123
0.085316209,16.734837,1.2755284,16.398766,1.177124
0.094718284,17.346354,1.5085325,16.968905,1.386326
0.10515649,18.173341,1.8411305,17.718919,1.6799306
0.11674502,19.36712,2.3383563,18.776903,2.1129793
0.12961063,21.774893,2.3510662,20.826115,2.1893168
0.14389407,25.338491,3.257782,23.874658,2.9456084
0.15975158,30.263013,3.3132775,28.13315,3.0831559
0.17735664,36.112554,3.1105415,33.303188,2.979736
0.19690181,40.613716,3.2677364,37.606402,3.1377576
0.21860092,43.72255,3.53339,40.85778,3.3854909
0.24269132,46.837214,3.5564957,44.078068,3.4436739
0.26943656,49.952014,3.6156145,47.270972,3.5192811
0.29912919,52.346759,3.7733006,49.875614,3.6684065
0.33209403,54.526096,3.8956414,52.254876,3.7920149
0.36869168,56.457708,4.0037902,54.38479,3.9053305
0.40932249,58.270884,4.0359169,56.368343,3.9581289
0.45443092,60.026129,4.0729557,58.259081,4.0078933
0.50451042,61.634571,4.2022243,59.999713,4.1266214
0.56010882,63.088043,4.28407,61.582523,4.210626
0.62183431,64.391502,4.467107,63.012086,4.3740275
0.69036212,65.664102,4.6411327,64.382931,4.5362052
0.76644187,66.937047,4.7839062,65.728489,4.6761246
0.85090582,68.10752,5.0044872,66.974404,4.8775305
0.94467792,69.204459,5.2747434,68.141607,5.1237853
1.048784,70.306681,5.510288,69.292249,5.3510985
1.1643628,71.483253,5.6308299,70.48995,5.4886738
1.2926786,72.613765,5.7423371,71.645846,5.6145653
1.4351353,73.681791,5.8462848,72.74589,5.7306458
1.593291,74.672916,5.9437812,73.776926,5.8383898
1.768876,75.576961,6.0355909,74.728855,5.9389099
1.9638108,76.387931,6.1222422,75.594744,6.0330297
2.1802281,77.104822,6.2040675,76.371928,6.1213472
2.420495,77.730259,6.2812803,77.06098,6.2042922
2.6872401,78.270074,6.3540941,77.665599,6.2822435
2.9833811,78.731887,6.4226334,78.191438,6.355454
3.3121577,79.12433,6.4870196,78.645491,6.4241377
3.6771663,79.456294,6.5474729,79.0354,6.4885801
4.0823999,79.736342,6.6041042,79.368887,6.5489362
4.5322913,79.972315,6.6571771,79.653317,6.6054974
5.0317619,80.171438,6.7068872,79.89574,6.6584744
5.5862756,80.33991,6.7535764,80.102391,6.7082072
6.2018981,80.483566,6.7975561,80.279242,6.7549812
6.8853639,80.608234,6.8394873,80.432231,6.7993946
7.6441494,80.720219,6.8802125,80.567589,6.8421813
8.4865551,80.827683,6.9209811,80.693077,6.8844464
9.4217962,80.940928,6.9631869,80.818191,6.9274318
10.460103,80.973321,6.8369009,80.854829,6.8022039
11.612835,80.919681,6.5009959,80.796267,6.4684476
12.8926,80.932708,6.186879,80.79445,6.1562795
14.313399,81.027893,5.8943779,80.864277,5.8654571
15.890774,81.220006,5.6248551,81.020582,5.5971859
17.64198,81.523412,5.3820356,81.278396,5.3549016
19.586174,81.953212,5.1727174,81.653914,5.1449438
21.744622,82.526189,5.006961,82.165247,4.9767442
24.140938,83.260448,4.8973916,82.832049,4.8621787
26.801334,84.173201,4.8574947,83.673433,4.81397
29.754913,85.283818,4.8991553,84.709856,4.8433712
33.033984,86.59043,5.0300129,85.943661,4.9576649
36.674417,88.083238,5.2513214,87.36941,5.1581317
40.716036,89.74741,5.5568777,88.974347,5.4390175
45.203052,91.546519,5.9332683,90.726348,5.7877446
50.184549,93.421232,6.3321733,92.567181,6.1586316
55.715021,94.786514,5.9573374,93.89392,5.7962262
61.854965,96.150311,5.5864646,95.233351,5.4366761
68.671548,97.482693,5.2234494,96.556595,5.0839471
76.239337,98.775102,4.8613703,97.855314,4.7302524
84.641116,99.969837,4.5461797,99.081449,4.4099994
93.968793,101.10646,4.2358166,100.25798,4.0946643
104.32441,102.11198,4.0036787,101.30844,3.8583481
115.82123,102.95828,3.890414,102.20087,3.7410151
128.58504,103.76253,3.7726154,103.04669,3.6177314
142.75546,104.0492,3.3578934,103.46586,3.2690378
158.48749,104.29843,3.2308386,103.81157,3.1467105
175.95324,104.42031,3.1116474,104.04053,3.0316175
195.34376,104.32331,2.9992773,104.06564,2.922949
216.87116,104.25487,2.8919125,104.08065,2.819075
240.77095,104.20923,2.7898814,104.09121,2.7203389
267.30455,104.18031,2.6919687,104.09993,2.6255378
296.76223,104.16276,2.5991922,104.10757,2.5357019
329.46622,104.15284,2.5103615,104.11452,2.4496515
365.77428,104.14757,2.4255899,104.12054,2.3675107
406.08358,104.14606,2.344487,104.12661,2.2888981
450.83508,104.14645,2.2673075,104.1321,2.2140776
500.51831,104.1483,2.1930672,104.13739,2.1420729
555.67677,104.15094,2.1220314,104.14237,2.0731571
616.91384,104.15401,2.0539437,104.14701,2.0070809
684.89939,104.15792,1.9893638,104.152,1.9444103
760.37714,104.16181,1.926493,104.15664,1.883353
844.17274,104.16618,1.867234,104.1615,1.8258172
937.20283,104.17027,1.8095866,104.16595,1.7698082
1040.4851,104.17431,1.7545839,104.17022,1.716364
1155.1493,104.17913,1.7017096,104.17521,1.6649727
1282.4499,104.18323,1.6509236,104.17942,1.6155987
1423.7793,104.18749,1.6022367,104.18375,1.5682568
1580.6836,104.19201,1.5555407,104.18832,1.5228426
1754.8791,104.1968,1.5106597,104.19313,1.4791836
1948.2715,104.20132,1.4672793,104.19767,1.4369689
2162.9763,104.20561,1.4257147,104.20196,1.3965165
2401.342,104.21027,1.3855403,104.20662,1.3574039
2665.9764,104.21501,1.346466,104.21134,1.3193437
2959.7741,104.21966,1.3095186,104.21598,1.2833652
3285.9491,104.22427,1.2736826,104.22058,1.2484553
3648.0695,104.22874,1.2390783,104.22503,1.2147365
4050.0965,104.23394,1.205725,104.23021,1.1822302
4496.428,104.23862,1.1739577,104.23487,1.1512735
4991.9464,104.24297,1.1426521,104.2392,1.1207439
5542.0723,104.24791,1.1127215,104.24412,1.0915563
6152.8235,104.25294,1.0837301,104.24913,1.0632768
6830.8811,104.25763,1.0561038,104.2538,1.0363327
7583.6624,104.26273,1.0290973,104.25888,1.0099803
8419.4023,104.26787,1.0031163,104.26401,0.98462661
9347.243,104.27243,0.9776721,104.26854,0.95978409
10377.334,104.27754,0.9537419,104.27364,0.93643138
11520.944,104.28226,0.93018323,104.27834,0.91342708
12790.583,104.28727,0.9074877,104.28333,0.89126391
14200.14,104.29221,0.88548967,104.28826,0.86977724
15765.033,104.29739,0.86380182,104.29342,0.8485808
17502.382,104.30256,0.8431021,104.29858,0.82835343
19431.191,104.30752,0.82318234,104.30353,0.80888782
21572.56,104.31246,0.80422518,104.30846,0.7903675
23949.914,104.31718,0.78511692,104.31317,0.77167948
26589.259,104.32271,0.76686164,104.31869,0.75382863
29519.467,104.328,0.74933653,104.32397,0.73669286
32772.591,104.33279,0.73236399,104.32875,0.72009524
36384.218,104.33783,0.71565586,104.33379,0.7037482
40393.856,104.34289,0.69992295,104.33884,0.68836321
44845.367,104.34789,0.68425498,104.34384,0.6730305
49787.447,104.35328,0.66884491,104.34922,0.65794367
55274.157,104.35841,0.65430496,104.35434,0.64371537
61365.517,104.36349,0.639815,104.35942,0.62952598
68128.161,104.36871,0.62617637,104.36464,0.61617735
75636.067,104.37386,0.61263704,104.36978,0.60291788
83971.364,104.37845,0.59959254,104.37437,0.5901435
93225.233,104.38359,0.58705263,104.37951,0.57786434
103498.9,104.38867,0.57452616,104.3846,0.56558973
114904.76,104.39408,0.56278795,104.39,0.55409479
127567.57,104.39947,0.55096461,104.3954,0.5425065
141625.86,104.40454,0.53947948,104.40046,0.53124849
157233.41,104.40923,0.52842217,104.40516,0.52041075
174560.95,104.4143,0.5179365,104.41023,0.51013737
193798.03,104.41942,0.50742009,104.41535,0.49982624
215155.1,104.42455,0.49692495,104.42048,0.48952968
238865.76,104.42965,0.48739116,104.42559,0.48018798
265189.41,104.43476,0.47792445,104.43071,0.4709072
294413.99,104.4399,0.46839509,104.43585,0.46155779
326859.2,104.44498,0.45890079,104.44093,0.45223769
362879.96,104.45,0.45027234,104.44596,0.44377792
402870.31,104.45471,0.44140383,104.45068,0.43507278
447267.69,104.45982,0.43290213,104.45579,0.42672936
496557.79,104.46491,0.42441713,104.4609,0.4183977
551279.79,104.47,0.416898,104.46599,0.41102719
612032.29,104.47464,0.40891417,104.47063,0.4031874
679479.89,104.47989,0.40124351,104.4759,0.39565639
754360.39,104.48483,0.39390691,104.48084,0.3884552
837492.93,104.48987,0.38648737,104.48589,0.381167
929786.89,104.49454,0.37944202,104.49057,0.37424903
1032251.9,104.49982,0.37272668,104.49585,0.36765728
1146008.8,104.50433,0.36586695,104.50038,0.3609175
1272302.1,104.50935,0.35943604,104.50541,0.35460298
1412513.1,104.51443,0.35294853,104.5105,0.34822848
1568175.9,104.51926,0.34672367,104.51534,0.34211334
1740993.1,104.52415,0.34045276,104.52024,0.33594897
1932855.2,104.52877,0.33446795,104.52487,0.33006764
2145861,104.53339,0.32848943,104.5295,0.32418964
2382340.6,104.53848,0.32296696,104.5346,0.31876482
2644880.9,104.54356,0.3174558,104.5397,0.31334856
2936353.9,104.54818,0.31151273,104.54432,0.30749774
3259947.9,104.55279,0.30649307,104.54895,0.3025677
3619202.9,104.55766,0.30122915,104.55383,0.29739096
4018048.7,104.56214,0.29635819,104.55832,0.29260475
4460848.5,104.56712,0.291003,104.56331,0.28733199
4952445.9,104.57174,0.28618212,104.56794,0.28259128
5498218.7,104.57661,0.28168848,104.57283,0.27817563
6104137.1,104.58114,0.27680619,104.57737,0.27336923
6776829.4,104.58605,0.27246198,104.5823,0.26909885
7523654.1,104.5902,0.26797344,104.58646,0.26468219
8352780.9,104.59507,0.26368032,104.59134,0.26045903
9273279.8,104.5999,0.25943983,104.59618,0.25628664
10295220,104.60453,0.25530769,104.60083,0.25222081
11429781,104.60867,0.2509569,104.60498,0.2479346
12689373,104.61328,0.24694777,104.60961,0.24398837
14087776,104.61791,0.2429374,104.61424,0.24003926
15640287,104.6221,0.23932646,104.61845,0.23648801
17363888,104.62713,0.23587144,104.62349,0.23309115
19277435,104.63158,0.23204939,104.62796,0.22932577
21401860,104.63591,0.22835954,104.6323,0.22569116
23760402,104.64013,0.22477439,104.63654,0.22215985
26378862,104.64512,0.22134558,104.64154,0.21878353
29285884,104.64915,0.21797382,104.64558,0.21546294
32513266,104.6539,0.21478352,104.65035,0.21232255
36096315,104.65807,0.21128107,104.65453,0.20886877
40074226,104.66267,0.20825286,104.65915,0.20588803
44490513,104.66673,0.20483348,104.66322,0.20251495
49393487,104.67126,0.20192911,104.66776,0.19965577
54836781,104.67561,0.19916933,104.67212,0.19694006
60879941,104.67976,0.19658357,104.67628,0.19439732
67589074,104.68381,0.19324906,104.68036,0.1911048
75037570,104.68836,0.1903058,104.68492,0.18820253
83306912,104.69235,0.1879232,104.68892,0.18585993
92487556,104.69689,0.18499721,104.69347,0.182973
1.0267993e+08,104.70099,0.18250727,104.69759,0.1805212
1.1399554e+08,104.70546,0.17965738,104.70207,0.17770855
1.2655815e+08,104.70948,0.17726147,104.70611,0.17534902
1.405052e+08,104.71352,0.17483963,104.71017,0.17296271
1.5598924e+08,104.71762,0.17237489,104.71427,0.17053267
1.7317968e+08,104.72178,0.16984932,104.71845,0.16804101
1.9226454e+08,104.72594,0.16731914,104.72263,0.16554396
2.1345261e+08,104.72969,0.16520328,104.72639,0.16346049
2.3697566e+08,104.73379,0.16274843,104.7305,0.16103727
2.6309101e+08,104.73777,0.16037451,104.73449,0.15869427
2.9208434e+08,104.74234,0.15840237,104.73908,0.15675237
3.2427282e+08,104.74627,0.15611846,104.74303,0.15449801
3.6000855e+08,104.74997,0.15407917,104.74673,0.15248762
3.9968246e+08,104.75398,0.15168072,104.75076,0.15011742
4.4372853e+08,104.75828,0.14998686,104.75508,0.14845119
4.926286e+08,104.76211,0.14781587,104.75892,0.14630721
5.469176e+08,104.76569,0.14590497,104.76251,0.14442275
6.0718938e+08,104.77024,0.14397694,104.76708,0.14252056
6.7410327e+08,104.77379,0.14205199,104.77064,0.1406209
7.4839126e+08,104.77735,0.14015562,104.77422,0.13874928
8.3086598e+08,104.78142,0.13867105,104.7783,0.13728892
9.2242963e+08,104.7855,0.13626845,104.78239,0.13491002
1.0240838e+09,104.78929,0.13453855,104.7862,0.1332033
1.1369406e+09,104.79314,0.13289241,104.79006,0.13157986
1.2622345e+09,104.79672,0.13099565,104.79365,0.12970532
1.4013362e+09,104.80078,0.1295291,104.79773,0.12826051
1.5557672e+09,104.80438,0.12760905,104.80134,0.12636176
1.7272169e+09,104.80824,0.12635031,104.80522,0.12512386
1.9175608e+09,104.81153,0.12475343,104.80851,0.12354739
2.1288811e+09,104.81559,0.12328998,104.81259,0.12210393
2.3634895e+09,104.81919,0.1213879,104.8162,0.12022142
2.6239524e+09,104.82306,0.12012604,104.82008,0.11897874
2.9131189e+09,104.82638,0.11850039,104.82342,0.11737187
3.2341525e+09,104.83044,0.11704907,104.82749,0.11593895
3.5905647e+09,104.83355,0.11564019,104.83061,0.1145481
3.9862546e+09,104.83765,0.11415307,104.83473,0.11307864
4.4255505e+09,104.84076,0.11274347,104.83785,0.11168635
4.913258e+09,104.84482,0.11130312,104.84192,0.11026296
5.4547122e+09,104.84793,0.10985452,104.84505,0.10883098
6.055836e+09,104.85152,0.10892484,104.84865,0.10791759
6.7232054e+09,104.85551,0.10734037,104.85265,0.10634909
7.4641206e+09,104.85874,0.10603427,104.8559,0.10505864
8.2866867e+09,104.86232,0.10507748,104.85949,0.10411719
9.1999017e+09,104.86545,0.10366056,104.86263,0.10271532
1.0213756e+10,104.86941,0.10233134,104.8666,0.10140086
1.1339339e+10,104.87265,0.10079919,104.86986,0.099883172
1.2588964e+10,104.87629,0.09979042,104.87351,0.098888586
1.3976302e+10,104.87963,0.09855251,104.87687,0.097664589
1.5516528e+10,104.88303,0.097399286,104.88028,0.096525009
1.7226491e+10,104.88661,0.09644964,104.88387,0.095588747
1.9124896e+10,104.88977,0.095017922,104.88704,0.094170162
2.1232511e+10,104.89307,0.094354923,104.89035,0.093520039
2.357239e+10,104.8963,0.093430536,104.89359,0.092608292
2.6170131e+10,104.89963,0.092148724,104.89694,0.091338878
2.9054149e+10,104.90323,0.091188179,104.90055,0.090390496
3.2255994e+10,104.90638,0.089772586,104.90371,0.088986842
3.5810691e+10,104.90979,0.088997843,104.90713,0.08822382
3.9757125e+10,104.91265,0.087836503,104.91,0.087073978
4.4138467e+10,104.91627,0.086898896,104.91363,0.086147657
4.9002644e+10,104.91957,0.086291681,104.91695,0.085551523
5.4402866e+10,104.92255,0.084987307,104.91994,0.08425802
6.0398208e+10,104.92617,0.084017274,104.92357,0.083298665
6.7054252e+10,104.92884,0.083078875,104.92625,0.082370751
7.444381e+10,104.93247,0.082099733,104.9299,0.081401899
8.2647717e+10,104.93537,0.0814056,104.9328,0.08071787
9.1755717e+10,104.93875,0.080203875,104.9362,0.079526072
1.0186744e+11,104.94188,0.079727858,104.93934,0.079059799
1.1309351e+11,104.94467,0.078679642,104.94214,0.078021158
1.2555671e+11,104.94818,0.077827319,104.94566,0.077178234
1.393934e+11,104.95087,0.076878492,104.94836,0.076238641
1.5475493e+11,104.95401,0.076393557,104.95151,0.075762773
1.7180933e+11,104.95724,0.075061324,104.95475,0.074439452
1.9074318e+11,104.96031,0.074491827,104.95783,0.07387871
2.1176359e+11,104.96348,0.074024134,104.96101,0.07341962
2.3510051e+11,104.96613,0.073067741,104.96368,0.072471673
2.6100921e+11,104.96977,0.072092767,104.96733,0.071505008
2.8977312e+11,104.97244,0.071166153,104.97001,0.070586551
3.217069e+11,104.97559,0.070678128,104.97317,0.070106545
3.5715986e+11,104.97828,0.069734715,104.97587,0.069171013
3.9651983e+11,104.98143,0.069247772,104.97903,0.06869182
4.4021738e+11,104.9841,0.068282438,104.98171,0.067734097
4.8873051e+11,104.98727,0.067819556,104.9849,0.067278699
5.4258992e+11,104.98996,0.066845682,104.98759,0.066312181
6.0238478e+11,104.99313,0.066384058,104.99077,0.065857794
6.687692e+11,104.99562,0.065908971,104.99328,0.065389815
7.4246936e+11,104.99847,0.06545395,104.99614,0.064941786
8.2429147e+11,105.00118,0.064463073,104.99885,0.063957782
9.1513059e+11,105.00435,0.06400269,105.00203,0.063504158
1.0159804e+12,105.00702,0.063045582,105.00472,0.062553695
1.1279442e+12,105.00997,0.062807112,105.00767,0.062321762
1.2522467e+12,105.01241,0.062075543,105.01012,0.061596621
1.3902476e+12,105.01558,0.06161923,105.01331,0.061146632
1.5434566e+12,105.01829,0.060642398,105.01602,0.06017602
1.7135497e+12,105.02097,0.060657995,105.01872,0.060197733
1.9023874e+12,105.02367,0.059722021,105.02143,0.05926778
2.1120356e+12,105.02636,0.05970588,105.02413,0.059257552
2.3447876e+12,105.02906,0.058763177,105.02684,0.058320674
2.6031894e+12,105.03227,0.0582843,105.03006,0.05784753
2.8900679e+12,105.03446,0.057805807,105.03225,0.057374674
3.2085611e+12,105.03714,0.056859505,105.03495,0.056433921
3.5621531e+12,105.03984,0.056860652,105.03765,0.056440522
3.9547119e+12,105.04255,0.055916519,105.04037,0.055501763
4.3905318e+12,105.04524,0.055895378,105.04308,0.055485907
4.8743801e+12,105.04795,0.054952548,105.0458,0.054548276
5.4115499e+12,105.05065,0.054955849,105.04851,0.0545567
6.0079172e+12,105.05337,0.053981521,105.05123,0.053587408
6.6700057e+12,105.05558,0.053534369,105.05345,0.053145218
7.4050582e+12,105.05826,0.053534702,105.05614,0.053150437
8.2211154e+12,105.06098,0.052583718,105.05887,0.052204257
9.1271044e+12,105.06335,0.052241168,105.06125,0.051866439
1.0132936e+13,105.06617,0.051840702,105.06408,0.051470631
1.1249612e+13,105.06862,0.051159982,105.06654,0.050794497
1.248935e+13,105.07132,0.051145618,105.06925,0.05078465
1.386571e+13,105.07354,0.050686712,105.07148,0.050330188
1.5393748e+13,105.07629,0.049710007,105.07423,0.049357862
1.709018e+13,105.07898,0.049739875,105.07693,0.049392038
1.8973564e+13,105.0812,0.049248611,105.07917,0.048905023
2.1064501e+13,105.08343,0.048791935,105.0814,0.048452527
2.3385866e+13,105.08611,0.048303524,105.08409,0.047968235
2.596305e+13,105.08887,0.047810593,105.08686,0.04747936
2.8824248e+13,105.09109,0.047359425,105.08909,0.047032188
3.2000757e+13,105.09341,0.046964126,105.09142,0.04664082
3.5527327e+13,105.09604,0.046872235,105.09406,0.046552809
3.9442533e+13,105.09828,0.046401021,105.09631,0.046085412
4.3789206e+13,105.10053,0.045930027,105.09856,0.045618181
4.8614893e+13,105.10324,0.045943256,105.10128,0.045635114
5.3972385e+13,105.10565,0.045274574,105.1037,0.044970085
5.9920286e+13,105.10801,0.044686261,105.10607,0.044385369
6.6523662e+13,105.11037,0.044104438,105.10844,0.04380709
7.3854748e+13,105.11315,0.04403428,105.11123,0.043740425
8.1993739e+13,105.11507,0.043870021,105.11315,0.04357961
9.1029668e+13,105.11743,0.043282736,105.11552,0.042995716
1.0106138e+14,105.11939,0.043101771,105.11749,0.04281809
1.1219862e+14,105.12171,0.042612573,105.11982,0.042332186
1.245632e+14,105.12434,0.042620229,105.12246,0.042343093
1.382904e+14,105.12661,0.042130831,105.12473,0.041856893
1.5353037e+14,105.12886,0.041662278,105.12699,0.041391492
1.7044983e+14,105.1311,0.04119389,105.12924,0.040926215
1.8923386e+14,105.13346,0.040837938,105.13161,0.040573327
2.1008794e+14,105.13606,0.040713615,105.13421,0.040452022
2.3324019e+14,105.13832,0.040227271,105.13649,0.03996866
2.5894389e+14,105.14054,0.039785211,105.13872,0.039529533
2.8748019e+14,105.14233,0.039782307,105.14051,0.039529524
3.1916128e+14,105.14459,0.039299122,105.14278,0.039049193
3.5433371e+14,105.14681,0.038805016,105.14501,0.038557903
3.9338223e+14,105.14953,0.038793247,105.14773,0.038548904
4.3673401e+14,105.15141,0.03873478,105.14963,0.038493174
4.8486326e+14,105.15359,0.038343148,105.15181,0.03810424
5.3829649e+14,105.15584,0.037876578,105.15406,0.037640326
5.9761821e+14,105.15809,0.037402591,105.15633,0.037168966
6.6347733e+14,105.15987,0.037410148,105.15811,0.037179111
7.3659431e+14,105.16213,0.03693363,105.16038,0.036705143
8.1776898e+14,105.16438,0.036467618,105.16264,0.036241648
9.0788931e+14,105.16616,0.036474556,105.16442,0.036251065
1.0079411e+15,105.16846,0.036031905,105.16674,0.035810865
1.119019e+15,105.17082,0.035675917,105.1691,0.035457292
1.2423378e+15,105.17295,0.03599931,105.17124,0.035783066
1.3792468e+15,105.17519,0.03552083,105.17348,0.035306937
1.5312435e+15,105.17743,0.035033899,105.17574,0.034822323
1.6999906e+15,105.17922,0.035033062,105.17753,0.034823772
1.8873341e+15,105.18147,0.034568098,105.17979,0.034361062
2.0953234e+15,105.18327,0.034559196,105.18159,0.034354385
2.3262336e+15,105.18552,0.03409446,105.18385,0.033891847
2.5825908e+15,105.1873,0.03410401,105.18563,0.033903564
2.8671992e+15,105.18957,0.033621295,105.18791,0.033422987
3.1831723e+15,105.19134,0.033638144,105.18969,0.033441945
3.5339664e+15,105.19361,0.033148584,105.19197,0.032954468
3.9234189e+15,105.1955,0.03304818,105.19387,0.032856119
4.3557902e+15,105.19766,0.032676314,105.19603,0.032486279
4.8358099e+15,105.19943,0.032695244,105.19781,0.032507212
5.3687291e+15,105.20171,0.032204455,105.2001,0.032018398
5.9603775e+15,105.20351,0.032196678,105.2019,0.032012565
6.617227e+15,105.20579,0.031762516,105.20419,0.031580329
7.3464631e+15,105.20741,0.031574683,105.20581,0.031394393
8.156063e+15,105.2093,0.030833973,105.20771,0.030655558
9.054883e+15,105.21114,0.030788471,105.20956,0.030611904
1.0052755e+16,105.21295,0.030791359,105.21137,0.030616617
1.1160596e+16,105.2152,0.030328199,105.21363,0.030155261
1.2390523e+16,105.217,0.030321071,105.21544,0.030149915
1.3755992e+16,105.21879,0.03032138,105.21723,0.030151977
1.5271939e+16,105.22105,0.029851176,105.2195,0.029683507
1.6954948e+16,105.22285,0.02984433,105.2213,0.029678372
1.8823429e+16,105.22462,0.029858004,105.22309,0.029693738
2.0897821e+16,105.2269,0.029374947,105.22537,0.029212349
2.3200817e+16,105.22837,0.029041236,105.22685,0.028880286
2.5757609e+16,105.23004,0.02890589,105.22852,0.02874657
2.8596166e+16,105.23231,0.028427251,105.2308,0.028269538
3.174754e+16,105.23409,0.028437184,105.23259,0.028281054
3.5246204e+16,105.23589,0.028430922,105.23439,0.028276357
3.913043e+16,105.23769,0.028424726,105.2362,0.02827171
4.3442709e+16,105.23998,0.027962674,105.2385,0.027811185
4.8230211e+16,105.24128,0.027497275,105.23981,0.027347298
5.354531e+16,105.24309,0.02749473,105.24161,0.027346241
5.9446146e+16,105.24489,0.02748884,105.24342,0.027341823
6.5997271e+16,105.24668,0.027483036,105.24522,0.027337471
7.3270347e+16,105.24891,0.027046483,105.24746,0.026902355
8.1344935e+16,105.25036,0.026632572,105.24891,0.026489863
9.0309365e+16,105.25208,0.026554122,105.25064,0.026412812
9.9738985e+16,105.25388,0.026548867,105.25245,0.026408871
