run,source,family,offsets_from_p,selection_mse,selected
primary,pi,single,none,0.7530819108853425,False
primary,pi,single,0,0.753317212787053,False
primary,pi,single,1,0.7542563841690364,False
primary,pi,single,2,0.7533884351364303,False
primary,pi,single,3,0.7541621906004453,False
primary,pi,single,4,0.7534064331795228,False
primary,pi,single,5,0.7531268453912727,False
primary,pi,single,6,0.7539648038798408,False
primary,pi,single,7,0.7528557559030612,True
primary,pi,nonlinear,none,0.7530819108853425,True
primary,pi,nonlinear,"0,1",0.7558572641126826,False
primary,pi,nonlinear,"0,2",0.7557878614769152,False
primary,pi,nonlinear,"0,3",0.7559634688983145,False
primary,pi,nonlinear,"0,4",0.7575930030141115,False
primary,pi,nonlinear,"0,5",0.7552073963827716,False
primary,pi,nonlinear,"0,6",0.7564242368054034,False
primary,pi,nonlinear,"0,7",0.7549619649789618,False
primary,pi,nonlinear,"1,2",0.7556593287620359,False
primary,pi,nonlinear,"1,3",0.7572384179248068,False
primary,pi,nonlinear,"1,4",0.7563149493009076,False
primary,pi,nonlinear,"1,5",0.7555808402780372,False
primary,pi,nonlinear,"1,6",0.757988675936492,False
primary,pi,nonlinear,"1,7",0.7588801994669796,False
primary,pi,nonlinear,"2,3",0.7563536287923389,False
primary,pi,nonlinear,"2,4",0.7554187533102493,False
primary,pi,nonlinear,"2,5",0.7541508036623742,False
primary,pi,nonlinear,"2,6",0.7574383594832336,False
primary,pi,nonlinear,"2,7",0.7552990194037227,False
primary,pi,nonlinear,"3,4",0.7561716391702907,False
primary,pi,nonlinear,"3,5",0.7558074642517719,False
primary,pi,nonlinear,"3,6",0.756232927316665,False
primary,pi,nonlinear,"3,7",0.7550554508330086,False
primary,pi,nonlinear,"4,5",0.755770109720089,False
primary,pi,nonlinear,"4,6",0.7551362334559589,False
primary,pi,nonlinear,"4,7",0.7556675057956941,False
primary,pi,nonlinear,"5,6",0.7565756725479296,False
primary,pi,nonlinear,"5,7",0.7562088129174201,False
primary,pi,nonlinear,"6,7",0.7546842435227792,False
primary,pi,nonlinear,"0,1,2",0.7540311834895362,False
primary,pi,nonlinear,"1,2,3",0.754952112329315,False
primary,pi,nonlinear,"2,3,4",0.7555561476398901,False
primary,pi,nonlinear,"3,4,5",0.75563235101099,False
primary,pi,nonlinear,"4,5,6",0.7562373240537502,False
primary,pi,nonlinear,"5,6,7",0.7557330531881852,False
primary,e,single,none,0.7530819108853425,False
primary,e,single,0,0.754126903177532,False
primary,e,single,1,0.7532153048380809,False
primary,e,single,2,0.7535936768617565,False
primary,e,single,3,0.7535018504044694,False
primary,e,single,4,0.7537154916368133,False
primary,e,single,5,0.754847166324974,False
primary,e,single,6,0.7539341378243165,False
primary,e,single,7,0.7529811584162908,True
primary,e,nonlinear,none,0.7530819108853425,True
primary,e,nonlinear,"0,1",0.7556253541232488,False
primary,e,nonlinear,"0,2",0.7574065803751484,False
primary,e,nonlinear,"0,3",0.7568568970368489,False
primary,e,nonlinear,"0,4",0.7552593254471864,False
primary,e,nonlinear,"0,5",0.7574506981574227,False
primary,e,nonlinear,"0,6",0.7575146597153396,False
primary,e,nonlinear,"0,7",0.7546368686802571,False
primary,e,nonlinear,"1,2",0.754249980247424,False
primary,e,nonlinear,"1,3",0.755835777994354,False
primary,e,nonlinear,"1,4",0.7550654732411095,False
primary,e,nonlinear,"1,5",0.756789353310967,False
primary,e,nonlinear,"1,6",0.7563976305973721,False
primary,e,nonlinear,"1,7",0.7558710547795475,False
primary,e,nonlinear,"2,3",0.7568737538681496,False
primary,e,nonlinear,"2,4",0.7558750929279792,False
primary,e,nonlinear,"2,5",0.7573631869373941,False
primary,e,nonlinear,"2,6",0.7555831179105781,False
primary,e,nonlinear,"2,7",0.7583151517201587,False
primary,e,nonlinear,"3,4",0.7548093393902084,False
primary,e,nonlinear,"3,5",0.7565523264317165,False
primary,e,nonlinear,"3,6",0.7553336534085486,False
primary,e,nonlinear,"3,7",0.7557762903502061,False
primary,e,nonlinear,"4,5",0.7566632374210357,False
primary,e,nonlinear,"4,6",0.7546449752617955,False
primary,e,nonlinear,"4,7",0.7552806047343721,False
primary,e,nonlinear,"5,6",0.7568308346041389,False
primary,e,nonlinear,"5,7",0.7574804556706679,False
primary,e,nonlinear,"6,7",0.7561523924616783,False
primary,e,nonlinear,"0,1,2",0.7555746844092657,False
primary,e,nonlinear,"1,2,3",0.7542651605983964,False
primary,e,nonlinear,"2,3,4",0.7552979836391004,False
primary,e,nonlinear,"3,4,5",0.7542955310783432,False
primary,e,nonlinear,"4,5,6",0.7552710787326438,False
primary,e,nonlinear,"5,6,7",0.7554287503665867,False
primary,sqrt2,single,none,0.7530819108853425,True
primary,sqrt2,single,0,0.7532121547969692,False
primary,sqrt2,single,1,0.7533688928873566,False
primary,sqrt2,single,2,0.7534932329129718,False
primary,sqrt2,single,3,0.7538118647916112,False
primary,sqrt2,single,4,0.75369273569251,False
primary,sqrt2,single,5,0.7533463376165107,False
primary,sqrt2,single,6,0.7532114202293703,False
primary,sqrt2,single,7,0.7535456745324597,False
primary,sqrt2,nonlinear,none,0.7530819108853425,True
primary,sqrt2,nonlinear,"0,1",0.754353576128237,False
primary,sqrt2,nonlinear,"0,2",0.7566732481554893,False
primary,sqrt2,nonlinear,"0,3",0.7541162424657057,False
primary,sqrt2,nonlinear,"0,4",0.7544167420157473,False
primary,sqrt2,nonlinear,"0,5",0.7549170842463047,False
primary,sqrt2,nonlinear,"0,6",0.7549068113586754,False
primary,sqrt2,nonlinear,"0,7",0.7553660969175082,False
primary,sqrt2,nonlinear,"1,2",0.7553878964490465,False
primary,sqrt2,nonlinear,"1,3",0.7562035269405604,False
primary,sqrt2,nonlinear,"1,4",0.7561963340695386,False
primary,sqrt2,nonlinear,"1,5",0.7554564556154381,False
primary,sqrt2,nonlinear,"1,6",0.7544731616074238,False
primary,sqrt2,nonlinear,"1,7",0.7572774309326302,False
primary,sqrt2,nonlinear,"2,3",0.7565393935830673,False
primary,sqrt2,nonlinear,"2,4",0.7569862804077069,False
primary,sqrt2,nonlinear,"2,5",0.7579803852890112,False
primary,sqrt2,nonlinear,"2,6",0.7555796984165603,False
primary,sqrt2,nonlinear,"2,7",0.7559803709660083,False
primary,sqrt2,nonlinear,"3,4",0.7563888974453125,False
primary,sqrt2,nonlinear,"3,5",0.756529853819068,False
primary,sqrt2,nonlinear,"3,6",0.7575610953464567,False
primary,sqrt2,nonlinear,"3,7",0.7557459571715586,False
primary,sqrt2,nonlinear,"4,5",0.7540487115434942,False
primary,sqrt2,nonlinear,"4,6",0.7552884136896593,False
primary,sqrt2,nonlinear,"4,7",0.7570303127815875,False
primary,sqrt2,nonlinear,"5,6",0.7570917264943113,False
primary,sqrt2,nonlinear,"5,7",0.755667581919002,False
primary,sqrt2,nonlinear,"6,7",0.7568435658524135,False
primary,sqrt2,nonlinear,"0,1,2",0.7551688573509202,False
primary,sqrt2,nonlinear,"1,2,3",0.7550481139866932,False
primary,sqrt2,nonlinear,"2,3,4",0.7562759006358439,False
primary,sqrt2,nonlinear,"3,4,5",0.7546079885325176,False
primary,sqrt2,nonlinear,"4,5,6",0.7557107676121516,False
primary,sqrt2,nonlinear,"5,6,7",0.7571322720558507,False
primary,planted,single,none,0.7530819108853425,True
primary,planted,single,0,0.7531623024647638,False
primary,planted,single,1,0.7532315852310402,False
primary,planted,single,2,0.7537808314042016,False
primary,planted,single,3,0.7537388648188316,False
primary,planted,single,4,0.7536367950112147,False
primary,planted,single,5,0.7534935378345029,False
primary,planted,single,6,0.7536817386456,False
primary,planted,single,7,0.7533907614196385,False
primary,planted,nonlinear,none,0.7530819108853425,False
primary,planted,nonlinear,"0,1",0.3173846194144842,True
primary,planted,nonlinear,"0,2",0.7555463752755297,False
primary,planted,nonlinear,"0,3",0.7546664665263113,False
primary,planted,nonlinear,"0,4",0.7555064211984509,False
primary,planted,nonlinear,"0,5",0.7548935287764509,False
primary,planted,nonlinear,"0,6",0.7550353242978258,False
primary,planted,nonlinear,"0,7",0.7568924238301701,False
primary,planted,nonlinear,"1,2",0.7554844248857073,False
primary,planted,nonlinear,"1,3",0.756322370980941,False
primary,planted,nonlinear,"1,4",0.7557529438318724,False
primary,planted,nonlinear,"1,5",0.7551351026064629,False
primary,planted,nonlinear,"1,6",0.7554277646028227,False
primary,planted,nonlinear,"1,7",0.7573940370531254,False
primary,planted,nonlinear,"2,3",0.7083868756453603,False
primary,planted,nonlinear,"2,4",0.7569232244509482,False
primary,planted,nonlinear,"2,5",0.7564247067018564,False
primary,planted,nonlinear,"2,6",0.7561064292508903,False
primary,planted,nonlinear,"2,7",0.7570421651676661,False
primary,planted,nonlinear,"3,4",0.756279493300798,False
primary,planted,nonlinear,"3,5",0.7559611085783077,False
primary,planted,nonlinear,"3,6",0.7546797835903287,False
primary,planted,nonlinear,"3,7",0.7564674196480083,False
primary,planted,nonlinear,"4,5",0.7331534022856859,False
primary,planted,nonlinear,"4,6",0.7577935573473609,False
primary,planted,nonlinear,"4,7",0.755281828999719,False
primary,planted,nonlinear,"5,6",0.755934986874229,False
primary,planted,nonlinear,"5,7",0.7556867350500418,False
primary,planted,nonlinear,"6,7",0.7234483356328671,False
primary,planted,nonlinear,"0,1,2",0.4010401927291308,False
primary,planted,nonlinear,"1,2,3",0.7365928426238431,False
primary,planted,nonlinear,"2,3,4",0.7360869159109034,False
primary,planted,nonlinear,"3,4,5",0.7461090370704739,False
primary,planted,nonlinear,"4,5,6",0.7455612943727492,False
primary,planted,nonlinear,"5,6,7",0.7424894722555476,False
post_outcome_sensitivity,pi,single,none,0.7208107093185632,False
post_outcome_sensitivity,pi,single,0,0.721078436130128,False
post_outcome_sensitivity,pi,single,1,0.7218587329725509,False
post_outcome_sensitivity,pi,single,2,0.7212631559979187,False
post_outcome_sensitivity,pi,single,3,0.7219467060260456,False
post_outcome_sensitivity,pi,single,4,0.721100409346246,False
post_outcome_sensitivity,pi,single,5,0.7208511886158231,False
post_outcome_sensitivity,pi,single,6,0.7216933516962699,False
post_outcome_sensitivity,pi,single,7,0.7206904692508335,True
post_outcome_sensitivity,pi,nonlinear,none,0.7208107093185632,True
post_outcome_sensitivity,pi,nonlinear,"0,1",0.7236038438598354,False
post_outcome_sensitivity,pi,nonlinear,"0,2",0.7231809083783824,False
post_outcome_sensitivity,pi,nonlinear,"0,3",0.7237929984711234,False
post_outcome_sensitivity,pi,nonlinear,"0,4",0.725409914368852,False
post_outcome_sensitivity,pi,nonlinear,"0,5",0.722964229647783,False
post_outcome_sensitivity,pi,nonlinear,"0,6",0.7243184869935237,False
post_outcome_sensitivity,pi,nonlinear,"0,7",0.7229458179531735,False
post_outcome_sensitivity,pi,nonlinear,"1,2",0.7233465053045415,False
post_outcome_sensitivity,pi,nonlinear,"1,3",0.7249155320866499,False
post_outcome_sensitivity,pi,nonlinear,"1,4",0.7237739512817711,False
post_outcome_sensitivity,pi,nonlinear,"1,5",0.7234941468837184,False
post_outcome_sensitivity,pi,nonlinear,"1,6",0.7256756544799186,False
post_outcome_sensitivity,pi,nonlinear,"1,7",0.7265580346572954,False
post_outcome_sensitivity,pi,nonlinear,"2,3",0.7241135423667686,False
post_outcome_sensitivity,pi,nonlinear,"2,4",0.7232487049113197,False
post_outcome_sensitivity,pi,nonlinear,"2,5",0.7218576466387128,False
post_outcome_sensitivity,pi,nonlinear,"2,6",0.7250439917255059,False
post_outcome_sensitivity,pi,nonlinear,"2,7",0.7232548852362007,False
post_outcome_sensitivity,pi,nonlinear,"3,4",0.7237357434915918,False
post_outcome_sensitivity,pi,nonlinear,"3,5",0.7236851265994706,False
post_outcome_sensitivity,pi,nonlinear,"3,6",0.7240096022193208,False
post_outcome_sensitivity,pi,nonlinear,"3,7",0.7229686742031154,False
post_outcome_sensitivity,pi,nonlinear,"4,5",0.7234783716281179,False
post_outcome_sensitivity,pi,nonlinear,"4,6",0.7227088318784346,False
post_outcome_sensitivity,pi,nonlinear,"4,7",0.7234929206511838,False
post_outcome_sensitivity,pi,nonlinear,"5,6",0.7240025509330916,False
post_outcome_sensitivity,pi,nonlinear,"5,7",0.7236065658969584,False
post_outcome_sensitivity,pi,nonlinear,"6,7",0.7221638509785706,False
post_outcome_sensitivity,pi,nonlinear,"0,1,2",0.7218289874782002,False
post_outcome_sensitivity,pi,nonlinear,"1,2,3",0.7228017214012779,False
post_outcome_sensitivity,pi,nonlinear,"2,3,4",0.7229294055590627,False
post_outcome_sensitivity,pi,nonlinear,"3,4,5",0.7230333086967022,False
post_outcome_sensitivity,pi,nonlinear,"4,5,6",0.7237993629189287,False
post_outcome_sensitivity,pi,nonlinear,"5,6,7",0.7232210819534474,False
post_outcome_sensitivity,e,single,none,0.7208107093185632,False
post_outcome_sensitivity,e,single,0,0.7218754198165552,False
post_outcome_sensitivity,e,single,1,0.7209958139100322,False
post_outcome_sensitivity,e,single,2,0.721518774641841,False
post_outcome_sensitivity,e,single,3,0.7212343081042284,False
post_outcome_sensitivity,e,single,4,0.7215187757611005,False
post_outcome_sensitivity,e,single,5,0.7223454599707455,False
post_outcome_sensitivity,e,single,6,0.7216062888531904,False
post_outcome_sensitivity,e,single,7,0.7207554339671148,True
post_outcome_sensitivity,e,nonlinear,none,0.7208107093185632,True
post_outcome_sensitivity,e,nonlinear,"0,1",0.7233125444692824,False
post_outcome_sensitivity,e,nonlinear,"0,2",0.7250313971188059,False
post_outcome_sensitivity,e,nonlinear,"0,3",0.7246769856020471,False
post_outcome_sensitivity,e,nonlinear,"0,4",0.7231933729076967,False
post_outcome_sensitivity,e,nonlinear,"0,5",0.7249984137105712,False
post_outcome_sensitivity,e,nonlinear,"0,6",0.7253212275914013,False
post_outcome_sensitivity,e,nonlinear,"0,7",0.7224406987870196,False
post_outcome_sensitivity,e,nonlinear,"1,2",0.7220283344242137,False
post_outcome_sensitivity,e,nonlinear,"1,3",0.7235950709365254,False
post_outcome_sensitivity,e,nonlinear,"1,4",0.722814571152981,False
post_outcome_sensitivity,e,nonlinear,"1,5",0.7242464773672117,False
post_outcome_sensitivity,e,nonlinear,"1,6",0.7241123157698862,False
post_outcome_sensitivity,e,nonlinear,"1,7",0.7236425028826202,False
post_outcome_sensitivity,e,nonlinear,"2,3",0.7247332699885953,False
post_outcome_sensitivity,e,nonlinear,"2,4",0.7238678655476023,False
post_outcome_sensitivity,e,nonlinear,"2,5",0.7247252527915332,False
post_outcome_sensitivity,e,nonlinear,"2,6",0.723651929345012,False
post_outcome_sensitivity,e,nonlinear,"2,7",0.7261208227856268,False
post_outcome_sensitivity,e,nonlinear,"3,4",0.7226683466577944,False
post_outcome_sensitivity,e,nonlinear,"3,5",0.724199665381194,False
post_outcome_sensitivity,e,nonlinear,"3,6",0.722996803390585,False
post_outcome_sensitivity,e,nonlinear,"3,7",0.7236768341650941,False
post_outcome_sensitivity,e,nonlinear,"4,5",0.7243386242972332,False
post_outcome_sensitivity,e,nonlinear,"4,6",0.7226460590066324,False
post_outcome_sensitivity,e,nonlinear,"4,7",0.7231176740799573,False
post_outcome_sensitivity,e,nonlinear,"5,6",0.7243271711497198,False
post_outcome_sensitivity,e,nonlinear,"5,7",0.724982891332983,False
post_outcome_sensitivity,e,nonlinear,"6,7",0.7238432851229326,False
post_outcome_sensitivity,e,nonlinear,"0,1,2",0.7232939806408312,False
post_outcome_sensitivity,e,nonlinear,"1,2,3",0.7220838986316428,False
post_outcome_sensitivity,e,nonlinear,"2,3,4",0.7230554565016317,False
post_outcome_sensitivity,e,nonlinear,"3,4,5",0.7220278372745644,False
post_outcome_sensitivity,e,nonlinear,"4,5,6",0.7232182051181735,False
post_outcome_sensitivity,e,nonlinear,"5,6,7",0.7232635388593154,False
post_outcome_sensitivity,sqrt2,single,none,0.7208107093185632,True
post_outcome_sensitivity,sqrt2,single,0,0.7209724037260433,False
post_outcome_sensitivity,sqrt2,single,1,0.7210625610259254,False
post_outcome_sensitivity,sqrt2,single,2,0.7212161131525079,False
post_outcome_sensitivity,sqrt2,single,3,0.7214379237797177,False
post_outcome_sensitivity,sqrt2,single,4,0.7214383543237428,False
post_outcome_sensitivity,sqrt2,single,5,0.7210153448587139,False
post_outcome_sensitivity,sqrt2,single,6,0.7209412114763988,False
post_outcome_sensitivity,sqrt2,single,7,0.7213247204471314,False
post_outcome_sensitivity,sqrt2,nonlinear,none,0.7208107093185632,True
post_outcome_sensitivity,sqrt2,nonlinear,"0,1",0.7221511727260568,False
post_outcome_sensitivity,sqrt2,nonlinear,"0,2",0.724614764867514,False
post_outcome_sensitivity,sqrt2,nonlinear,"0,3",0.7218035325155061,False
post_outcome_sensitivity,sqrt2,nonlinear,"0,4",0.7221982044950349,False
post_outcome_sensitivity,sqrt2,nonlinear,"0,5",0.7228059703457478,False
post_outcome_sensitivity,sqrt2,nonlinear,"0,6",0.722394692460344,False
post_outcome_sensitivity,sqrt2,nonlinear,"0,7",0.72312825981551,False
post_outcome_sensitivity,sqrt2,nonlinear,"1,2",0.7230806676776983,False
post_outcome_sensitivity,sqrt2,nonlinear,"1,3",0.7238474524921229,False
post_outcome_sensitivity,sqrt2,nonlinear,"1,4",0.7236480923594573,False
post_outcome_sensitivity,sqrt2,nonlinear,"1,5",0.723212312701481,False
post_outcome_sensitivity,sqrt2,nonlinear,"1,6",0.7221462243559282,False
post_outcome_sensitivity,sqrt2,nonlinear,"1,7",0.7247746505619932,False
post_outcome_sensitivity,sqrt2,nonlinear,"2,3",0.7241948561571974,False
post_outcome_sensitivity,sqrt2,nonlinear,"2,4",0.724826033727195,False
post_outcome_sensitivity,sqrt2,nonlinear,"2,5",0.7258835703324258,False
post_outcome_sensitivity,sqrt2,nonlinear,"2,6",0.7227271457772543,False
post_outcome_sensitivity,sqrt2,nonlinear,"2,7",0.7235361219186298,False
post_outcome_sensitivity,sqrt2,nonlinear,"3,4",0.7244562526996438,False
post_outcome_sensitivity,sqrt2,nonlinear,"3,5",0.7242250132741439,False
post_outcome_sensitivity,sqrt2,nonlinear,"3,6",0.7248396996751545,False
post_outcome_sensitivity,sqrt2,nonlinear,"3,7",0.7233419038508223,False
post_outcome_sensitivity,sqrt2,nonlinear,"4,5",0.722002277404126,False
post_outcome_sensitivity,sqrt2,nonlinear,"4,6",0.7227934300591571,False
post_outcome_sensitivity,sqrt2,nonlinear,"4,7",0.7250695695092344,False
post_outcome_sensitivity,sqrt2,nonlinear,"5,6",0.7246859189943846,False
post_outcome_sensitivity,sqrt2,nonlinear,"5,7",0.7235501311979946,False
post_outcome_sensitivity,sqrt2,nonlinear,"6,7",0.7245805019435073,False
post_outcome_sensitivity,sqrt2,nonlinear,"0,1,2",0.7228939789613791,False
post_outcome_sensitivity,sqrt2,nonlinear,"1,2,3",0.7228957266216258,False
post_outcome_sensitivity,sqrt2,nonlinear,"2,3,4",0.7244216171264263,False
post_outcome_sensitivity,sqrt2,nonlinear,"3,4,5",0.7225302429521492,False
post_outcome_sensitivity,sqrt2,nonlinear,"4,5,6",0.7232500984185827,False
post_outcome_sensitivity,sqrt2,nonlinear,"5,6,7",0.7250273028165705,False
post_outcome_sensitivity,planted,single,none,0.7208107093185632,True
post_outcome_sensitivity,planted,single,0,0.7208408996719554,False
post_outcome_sensitivity,planted,single,1,0.720924444017554,False
post_outcome_sensitivity,planted,single,2,0.7214884048748108,False
post_outcome_sensitivity,planted,single,3,0.7214628228580967,False
post_outcome_sensitivity,planted,single,4,0.7213319623560877,False
post_outcome_sensitivity,planted,single,5,0.7212228954397107,False
post_outcome_sensitivity,planted,single,6,0.7212653272974466,False
post_outcome_sensitivity,planted,single,7,0.7211479627923576,False
post_outcome_sensitivity,planted,nonlinear,none,0.7208107093185632,False
post_outcome_sensitivity,planted,nonlinear,"0,1",0.26933536539245984,True
post_outcome_sensitivity,planted,nonlinear,"0,2",0.7234880316781402,False
post_outcome_sensitivity,planted,nonlinear,"0,3",0.722349662064018,False
post_outcome_sensitivity,planted,nonlinear,"0,4",0.7232616592345368,False
post_outcome_sensitivity,planted,nonlinear,"0,5",0.7226101638151914,False
post_outcome_sensitivity,planted,nonlinear,"0,6",0.7225631226281853,False
post_outcome_sensitivity,planted,nonlinear,"0,7",0.7244614036834265,False
post_outcome_sensitivity,planted,nonlinear,"1,2",0.7233919759097617,False
post_outcome_sensitivity,planted,nonlinear,"1,3",0.7237219069864618,False
post_outcome_sensitivity,planted,nonlinear,"1,4",0.7234194275989965,False
post_outcome_sensitivity,planted,nonlinear,"1,5",0.7227136422660367,False
post_outcome_sensitivity,planted,nonlinear,"1,6",0.7229770315165733,False
post_outcome_sensitivity,planted,nonlinear,"1,7",0.7250877117890449,False
post_outcome_sensitivity,planted,nonlinear,"2,3",0.6743364848135445,False
post_outcome_sensitivity,planted,nonlinear,"2,4",0.724698721021836,False
post_outcome_sensitivity,planted,nonlinear,"2,5",0.7238493314438728,False
post_outcome_sensitivity,planted,nonlinear,"2,6",0.7238233755994415,False
post_outcome_sensitivity,planted,nonlinear,"2,7",0.724885566968814,False
post_outcome_sensitivity,planted,nonlinear,"3,4",0.7237608090855371,False
post_outcome_sensitivity,planted,nonlinear,"3,5",0.7237432490157724,False
post_outcome_sensitivity,planted,nonlinear,"3,6",0.722384011406287,False
post_outcome_sensitivity,planted,nonlinear,"3,7",0.7241675242099364,False
post_outcome_sensitivity,planted,nonlinear,"4,5",0.6987755963680248,False
post_outcome_sensitivity,planted,nonlinear,"4,6",0.7256020080803229,False
post_outcome_sensitivity,planted,nonlinear,"4,7",0.7230810756064561,False
post_outcome_sensitivity,planted,nonlinear,"5,6",0.7239146262036265,False
post_outcome_sensitivity,planted,nonlinear,"5,7",0.723770477297674,False
post_outcome_sensitivity,planted,nonlinear,"6,7",0.6867296989889604,False
post_outcome_sensitivity,planted,nonlinear,"0,1,2",0.35914377081267335,False
post_outcome_sensitivity,planted,nonlinear,"1,2,3",0.7025236280331082,False
post_outcome_sensitivity,planted,nonlinear,"2,3,4",0.7020868160094969,False
post_outcome_sensitivity,planted,nonlinear,"3,4,5",0.7122924293873479,False
post_outcome_sensitivity,planted,nonlinear,"4,5,6",0.7117843925314494,False
post_outcome_sensitivity,planted,nonlinear,"5,6,7",0.7066666243576073,False
